Statistik_Code;Statistik_Label;Zeit_Code;Zeit_Label;Zeit;1_Merkmal_Code;1_Merkmal_Label;1_Auspraegung_Code;1_Auspraegung_Label;2_Merkmal_Code;2_Merkmal_Label;2_Auspraegung_Code;2_Auspraegung_Label;BEV003A__Eheschliessungen__Anzahl
12611;Statistik der Eheschlieﬂungen;JAHR;Jahr;2019;KREISE;Kreisfreie St‰dte und Kreise;05;Nordrhein-Westfalen;EHEART;Art der Eheschlieﬂung;;Insgesamt;89476
12611;Statistik der Eheschlieﬂungen;JAHR;Jahr;2019;KREISE;Kreisfreie St‰dte und Kreise;05;Nordrhein-Westfalen;EHEART;Art der Eheschlieﬂung;EHEART1;zwischen M‰nnern und Frauen;86362
12611;Statistik der Eheschlieﬂungen;JAHR;Jahr;2019;KREISE;Kreisfreie St‰dte und Kreise;05;Nordrhein-Westfalen;EHEART;Art der Eheschlieﬂung;EHEART2;zwischen Personen gleichen Geschlechts;3114
12611;Statistik der Eheschlieﬂungen;JAHR;Jahr;2019;KREISE;Kreisfreie St‰dte und Kreise;051;  D¸sseldorf, Regierungsbezirk;EHEART;Art der Eheschlieﬂung;;Insgesamt;24739
12611;Statistik der Eheschlieﬂungen;JAHR;Jahr;2019;KREISE;Kreisfreie St‰dte und Kreise;051;  D¸sseldorf, Regierungsbezirk;EHEART;Art der Eheschlieﬂung;EHEART1;zwischen M‰nnern und Frauen;23809
12611;Statistik der Eheschlieﬂungen;JAHR;Jahr;2019;KREISE;Kreisfreie St‰dte und Kreise;051;  D¸sseldorf, Regierungsbezirk;EHEART;Art der Eheschlieﬂung;EHEART2;zwischen Personen gleichen Geschlechts;930
12611;Statistik der Eheschlieﬂungen;JAHR;Jahr;2019;KREISE;Kreisfreie St‰dte und Kreise;05111;    D¸sseldorf, krfr. Stadt;EHEART;Art der Eheschlieﬂung;;Insgesamt;3030
12611;Statistik der Eheschlieﬂungen;JAHR;Jahr;2019;KREISE;Kreisfreie St‰dte und Kreise;05111;    D¸sseldorf, krfr. Stadt;EHEART;Art der Eheschlieﬂung;EHEART1;zwischen M‰nnern und Frauen;2849
12611;Statistik der Eheschlieﬂungen;JAHR;Jahr;2019;KREISE;Kreisfreie St‰dte und Kreise;05111;    D¸sseldorf, krfr. Stadt;EHEART;Art der Eheschlieﬂung;EHEART2;zwischen Personen gleichen Geschlechts;181
12611;Statistik der Eheschlieﬂungen;JAHR;Jahr;2019;KREISE;Kreisfreie St‰dte und Kreise;05112;    Duisburg, krfr. Stadt;EHEART;Art der Eheschlieﬂung;;Insgesamt;1538
12611;Statistik der Eheschlieﬂungen;JAHR;Jahr;2019;KREISE;Kreisfreie St‰dte und Kreise;05112;    Duisburg, krfr. Stadt;EHEART;Art der Eheschlieﬂung;EHEART1;zwischen M‰nnern und Frauen;1482
12611;Statistik der Eheschlieﬂungen;JAHR;Jahr;2019;KREISE;Kreisfreie St‰dte und Kreise;05112;    Duisburg, krfr. Stadt;EHEART;Art der Eheschlieﬂung;EHEART2;zwischen Personen gleichen Geschlechts;56
12611;Statistik der Eheschlieﬂungen;JAHR;Jahr;2019;KREISE;Kreisfreie St‰dte und Kreise;05113;    Essen, krfr. Stadt;EHEART;Art der Eheschlieﬂung;;Insgesamt;2431
12611;Statistik der Eheschlieﬂungen;JAHR;Jahr;2019;KREISE;Kreisfreie St‰dte und Kreise;05113;    Essen, krfr. Stadt;EHEART;Art der Eheschlieﬂung;EHEART1;zwischen M‰nnern und Frauen;2316
12611;Statistik der Eheschlieﬂungen;JAHR;Jahr;2019;KREISE;Kreisfreie St‰dte und Kreise;05113;    Essen, krfr. Stadt;EHEART;Art der Eheschlieﬂung;EHEART2;zwischen Personen gleichen Geschlechts;115
12611;Statistik der Eheschlieﬂungen;JAHR;Jahr;2019;KREISE;Kreisfreie St‰dte und Kreise;05114;    Krefeld, krfr. Stadt;EHEART;Art der Eheschlieﬂung;;Insgesamt;924
12611;Statistik der Eheschlieﬂungen;JAHR;Jahr;2019;KREISE;Kreisfreie St‰dte und Kreise;05114;    Krefeld, krfr. Stadt;EHEART;Art der Eheschlieﬂung;EHEART1;zwischen M‰nnern und Frauen;891
12611;Statistik der Eheschlieﬂungen;JAHR;Jahr;2019;KREISE;Kreisfreie St‰dte und Kreise;05114;    Krefeld, krfr. Stadt;EHEART;Art der Eheschlieﬂung;EHEART2;zwischen Personen gleichen Geschlechts;33
12611;Statistik der Eheschlieﬂungen;JAHR;Jahr;2019;KREISE;Kreisfreie St‰dte und Kreise;05116;    Mˆnchengladbach, krfr. Stadt;EHEART;Art der Eheschlieﬂung;;Insgesamt;1008
12611;Statistik der Eheschlieﬂungen;JAHR;Jahr;2019;KREISE;Kreisfreie St‰dte und Kreise;05116;    Mˆnchengladbach, krfr. Stadt;EHEART;Art der Eheschlieﬂung;EHEART1;zwischen M‰nnern und Frauen;971
12611;Statistik der Eheschlieﬂungen;JAHR;Jahr;2019;KREISE;Kreisfreie St‰dte und Kreise;05116;    Mˆnchengladbach, krfr. Stadt;EHEART;Art der Eheschlieﬂung;EHEART2;zwischen Personen gleichen Geschlechts;37
12611;Statistik der Eheschlieﬂungen;JAHR;Jahr;2019;KREISE;Kreisfreie St‰dte und Kreise;05117;    M¸lheim an der Ruhr, krfr. Stadt;EHEART;Art der Eheschlieﬂung;;Insgesamt;1010
12611;Statistik der Eheschlieﬂungen;JAHR;Jahr;2019;KREISE;Kreisfreie St‰dte und Kreise;05117;    M¸lheim an der Ruhr, krfr. Stadt;EHEART;Art der Eheschlieﬂung;EHEART1;zwischen M‰nnern und Frauen;974
12611;Statistik der Eheschlieﬂungen;JAHR;Jahr;2019;KREISE;Kreisfreie St‰dte und Kreise;05117;    M¸lheim an der Ruhr, krfr. Stadt;EHEART;Art der Eheschlieﬂung;EHEART2;zwischen Personen gleichen Geschlechts;36
12611;Statistik der Eheschlieﬂungen;JAHR;Jahr;2019;KREISE;Kreisfreie St‰dte und Kreise;05119;    Oberhausen, krfr. Stadt;EHEART;Art der Eheschlieﬂung;;Insgesamt;1028
12611;Statistik der Eheschlieﬂungen;JAHR;Jahr;2019;KREISE;Kreisfreie St‰dte und Kreise;05119;    Oberhausen, krfr. Stadt;EHEART;Art der Eheschlieﬂung;EHEART1;zwischen M‰nnern und Frauen;996
12611;Statistik der Eheschlieﬂungen;JAHR;Jahr;2019;KREISE;Kreisfreie St‰dte und Kreise;05119;    Oberhausen, krfr. Stadt;EHEART;Art der Eheschlieﬂung;EHEART2;zwischen Personen gleichen Geschlechts;32
12611;Statistik der Eheschlieﬂungen;JAHR;Jahr;2019;KREISE;Kreisfreie St‰dte und Kreise;05120;    Remscheid, krfr. Stadt;EHEART;Art der Eheschlieﬂung;;Insgesamt;478
12611;Statistik der Eheschlieﬂungen;JAHR;Jahr;2019;KREISE;Kreisfreie St‰dte und Kreise;05120;    Remscheid, krfr. Stadt;EHEART;Art der Eheschlieﬂung;EHEART1;zwischen M‰nnern und Frauen;465
12611;Statistik der Eheschlieﬂungen;JAHR;Jahr;2019;KREISE;Kreisfreie St‰dte und Kreise;05120;    Remscheid, krfr. Stadt;EHEART;Art der Eheschlieﬂung;EHEART2;zwischen Personen gleichen Geschlechts;13
12611;Statistik der Eheschlieﬂungen;JAHR;Jahr;2019;KREISE;Kreisfreie St‰dte und Kreise;05122;    Solingen, krfr. Stadt;EHEART;Art der Eheschlieﬂung;;Insgesamt;805
12611;Statistik der Eheschlieﬂungen;JAHR;Jahr;2019;KREISE;Kreisfreie St‰dte und Kreise;05122;    Solingen, krfr. Stadt;EHEART;Art der Eheschlieﬂung;EHEART1;zwischen M‰nnern und Frauen;773
12611;Statistik der Eheschlieﬂungen;JAHR;Jahr;2019;KREISE;Kreisfreie St‰dte und Kreise;05122;    Solingen, krfr. Stadt;EHEART;Art der Eheschlieﬂung;EHEART2;zwischen Personen gleichen Geschlechts;32
12611;Statistik der Eheschlieﬂungen;JAHR;Jahr;2019;KREISE;Kreisfreie St‰dte und Kreise;05124;    Wuppertal, krfr. Stadt;EHEART;Art der Eheschlieﬂung;;Insgesamt;1659
12611;Statistik der Eheschlieﬂungen;JAHR;Jahr;2019;KREISE;Kreisfreie St‰dte und Kreise;05124;    Wuppertal, krfr. Stadt;EHEART;Art der Eheschlieﬂung;EHEART1;zwischen M‰nnern und Frauen;1598
12611;Statistik der Eheschlieﬂungen;JAHR;Jahr;2019;KREISE;Kreisfreie St‰dte und Kreise;05124;    Wuppertal, krfr. Stadt;EHEART;Art der Eheschlieﬂung;EHEART2;zwischen Personen gleichen Geschlechts;61
12611;Statistik der Eheschlieﬂungen;JAHR;Jahr;2019;KREISE;Kreisfreie St‰dte und Kreise;05154;    Kleve, Kreis;EHEART;Art der Eheschlieﬂung;;Insgesamt;1746
12611;Statistik der Eheschlieﬂungen;JAHR;Jahr;2019;KREISE;Kreisfreie St‰dte und Kreise;05154;    Kleve, Kreis;EHEART;Art der Eheschlieﬂung;EHEART1;zwischen M‰nnern und Frauen;1695
12611;Statistik der Eheschlieﬂungen;JAHR;Jahr;2019;KREISE;Kreisfreie St‰dte und Kreise;05154;    Kleve, Kreis;EHEART;Art der Eheschlieﬂung;EHEART2;zwischen Personen gleichen Geschlechts;51
12611;Statistik der Eheschlieﬂungen;JAHR;Jahr;2019;KREISE;Kreisfreie St‰dte und Kreise;05158;    Mettmann, Kreis;EHEART;Art der Eheschlieﬂung;;Insgesamt;2261
12611;Statistik der Eheschlieﬂungen;JAHR;Jahr;2019;KREISE;Kreisfreie St‰dte und Kreise;05158;    Mettmann, Kreis;EHEART;Art der Eheschlieﬂung;EHEART1;zwischen M‰nnern und Frauen;2187
12611;Statistik der Eheschlieﬂungen;JAHR;Jahr;2019;KREISE;Kreisfreie St‰dte und Kreise;05158;    Mettmann, Kreis;EHEART;Art der Eheschlieﬂung;EHEART2;zwischen Personen gleichen Geschlechts;74
12611;Statistik der Eheschlieﬂungen;JAHR;Jahr;2019;KREISE;Kreisfreie St‰dte und Kreise;05162;    Rhein-Kreis Neuss;EHEART;Art der Eheschlieﬂung;;Insgesamt;2478
12611;Statistik der Eheschlieﬂungen;JAHR;Jahr;2019;KREISE;Kreisfreie St‰dte und Kreise;05162;    Rhein-Kreis Neuss;EHEART;Art der Eheschlieﬂung;EHEART1;zwischen M‰nnern und Frauen;2401
12611;Statistik der Eheschlieﬂungen;JAHR;Jahr;2019;KREISE;Kreisfreie St‰dte und Kreise;05162;    Rhein-Kreis Neuss;EHEART;Art der Eheschlieﬂung;EHEART2;zwischen Personen gleichen Geschlechts;77
12611;Statistik der Eheschlieﬂungen;JAHR;Jahr;2019;KREISE;Kreisfreie St‰dte und Kreise;05166;    Viersen, Kreis;EHEART;Art der Eheschlieﬂung;;Insgesamt;1658
12611;Statistik der Eheschlieﬂungen;JAHR;Jahr;2019;KREISE;Kreisfreie St‰dte und Kreise;05166;    Viersen, Kreis;EHEART;Art der Eheschlieﬂung;EHEART1;zwischen M‰nnern und Frauen;1605
12611;Statistik der Eheschlieﬂungen;JAHR;Jahr;2019;KREISE;Kreisfreie St‰dte und Kreise;05166;    Viersen, Kreis;EHEART;Art der Eheschlieﬂung;EHEART2;zwischen Personen gleichen Geschlechts;53
12611;Statistik der Eheschlieﬂungen;JAHR;Jahr;2019;KREISE;Kreisfreie St‰dte und Kreise;05170;    Wesel, Kreis;EHEART;Art der Eheschlieﬂung;;Insgesamt;2685
12611;Statistik der Eheschlieﬂungen;JAHR;Jahr;2019;KREISE;Kreisfreie St‰dte und Kreise;05170;    Wesel, Kreis;EHEART;Art der Eheschlieﬂung;EHEART1;zwischen M‰nnern und Frauen;2606
12611;Statistik der Eheschlieﬂungen;JAHR;Jahr;2019;KREISE;Kreisfreie St‰dte und Kreise;05170;    Wesel, Kreis;EHEART;Art der Eheschlieﬂung;EHEART2;zwischen Personen gleichen Geschlechts;79
12611;Statistik der Eheschlieﬂungen;JAHR;Jahr;2019;KREISE;Kreisfreie St‰dte und Kreise;053;  Kˆln, Regierungsbezirk;EHEART;Art der Eheschlieﬂung;;Insgesamt;23244
12611;Statistik der Eheschlieﬂungen;JAHR;Jahr;2019;KREISE;Kreisfreie St‰dte und Kreise;053;  Kˆln, Regierungsbezirk;EHEART;Art der Eheschlieﬂung;EHEART1;zwischen M‰nnern und Frauen;22152
12611;Statistik der Eheschlieﬂungen;JAHR;Jahr;2019;KREISE;Kreisfreie St‰dte und Kreise;053;  Kˆln, Regierungsbezirk;EHEART;Art der Eheschlieﬂung;EHEART2;zwischen Personen gleichen Geschlechts;1092
12611;Statistik der Eheschlieﬂungen;JAHR;Jahr;2019;KREISE;Kreisfreie St‰dte und Kreise;05313;    Aachen, krfr. Stadt;EHEART;Art der Eheschlieﬂung;;Insgesamt;-
12611;Statistik der Eheschlieﬂungen;JAHR;Jahr;2019;KREISE;Kreisfreie St‰dte und Kreise;05313;    Aachen, krfr. Stadt;EHEART;Art der Eheschlieﬂung;EHEART1;zwischen M‰nnern und Frauen;-
12611;Statistik der Eheschlieﬂungen;JAHR;Jahr;2019;KREISE;Kreisfreie St‰dte und Kreise;05313;    Aachen, krfr. Stadt;EHEART;Art der Eheschlieﬂung;EHEART2;zwischen Personen gleichen Geschlechts;-
12611;Statistik der Eheschlieﬂungen;JAHR;Jahr;2019;KREISE;Kreisfreie St‰dte und Kreise;05314;    Bonn, krfr. Stadt;EHEART;Art der Eheschlieﬂung;;Insgesamt;1517
12611;Statistik der Eheschlieﬂungen;JAHR;Jahr;2019;KREISE;Kreisfreie St‰dte und Kreise;05314;    Bonn, krfr. Stadt;EHEART;Art der Eheschlieﬂung;EHEART1;zwischen M‰nnern und Frauen;1444
12611;Statistik der Eheschlieﬂungen;JAHR;Jahr;2019;KREISE;Kreisfreie St‰dte und Kreise;05314;    Bonn, krfr. Stadt;EHEART;Art der Eheschlieﬂung;EHEART2;zwischen Personen gleichen Geschlechts;73
12611;Statistik der Eheschlieﬂungen;JAHR;Jahr;2019;KREISE;Kreisfreie St‰dte und Kreise;05315;    Kˆln, krfr. Stadt;EHEART;Art der Eheschlieﬂung;;Insgesamt;5808
12611;Statistik der Eheschlieﬂungen;JAHR;Jahr;2019;KREISE;Kreisfreie St‰dte und Kreise;05315;    Kˆln, krfr. Stadt;EHEART;Art der Eheschlieﬂung;EHEART1;zwischen M‰nnern und Frauen;5287
12611;Statistik der Eheschlieﬂungen;JAHR;Jahr;2019;KREISE;Kreisfreie St‰dte und Kreise;05315;    Kˆln, krfr. Stadt;EHEART;Art der Eheschlieﬂung;EHEART2;zwischen Personen gleichen Geschlechts;521
12611;Statistik der Eheschlieﬂungen;JAHR;Jahr;2019;KREISE;Kreisfreie St‰dte und Kreise;05316;    Leverkusen, krfr. Stadt;EHEART;Art der Eheschlieﬂung;;Insgesamt;602
12611;Statistik der Eheschlieﬂungen;JAHR;Jahr;2019;KREISE;Kreisfreie St‰dte und Kreise;05316;    Leverkusen, krfr. Stadt;EHEART;Art der Eheschlieﬂung;EHEART1;zwischen M‰nnern und Frauen;583
12611;Statistik der Eheschlieﬂungen;JAHR;Jahr;2019;KREISE;Kreisfreie St‰dte und Kreise;05316;    Leverkusen, krfr. Stadt;EHEART;Art der Eheschlieﬂung;EHEART2;zwischen Personen gleichen Geschlechts;19
12611;Statistik der Eheschlieﬂungen;JAHR;Jahr;2019;KREISE;Kreisfreie St‰dte und Kreise;05334;    St‰dteregion Aachen (einschl. Stadt Aachen);EHEART;Art der Eheschlieﬂung;;Insgesamt;2838
12611;Statistik der Eheschlieﬂungen;JAHR;Jahr;2019;KREISE;Kreisfreie St‰dte und Kreise;05334;    St‰dteregion Aachen (einschl. Stadt Aachen);EHEART;Art der Eheschlieﬂung;EHEART1;zwischen M‰nnern und Frauen;2756
12611;Statistik der Eheschlieﬂungen;JAHR;Jahr;2019;KREISE;Kreisfreie St‰dte und Kreise;05334;    St‰dteregion Aachen (einschl. Stadt Aachen);EHEART;Art der Eheschlieﬂung;EHEART2;zwischen Personen gleichen Geschlechts;82
12611;Statistik der Eheschlieﬂungen;JAHR;Jahr;2019;KREISE;Kreisfreie St‰dte und Kreise;05354;    Aachen, Kreis;EHEART;Art der Eheschlieﬂung;;Insgesamt;-
12611;Statistik der Eheschlieﬂungen;JAHR;Jahr;2019;KREISE;Kreisfreie St‰dte und Kreise;05354;    Aachen, Kreis;EHEART;Art der Eheschlieﬂung;EHEART1;zwischen M‰nnern und Frauen;-
12611;Statistik der Eheschlieﬂungen;JAHR;Jahr;2019;KREISE;Kreisfreie St‰dte und Kreise;05354;    Aachen, Kreis;EHEART;Art der Eheschlieﬂung;EHEART2;zwischen Personen gleichen Geschlechts;-
12611;Statistik der Eheschlieﬂungen;JAHR;Jahr;2019;KREISE;Kreisfreie St‰dte und Kreise;05358;    D¸ren, Kreis;EHEART;Art der Eheschlieﬂung;;Insgesamt;1308
12611;Statistik der Eheschlieﬂungen;JAHR;Jahr;2019;KREISE;Kreisfreie St‰dte und Kreise;05358;    D¸ren, Kreis;EHEART;Art der Eheschlieﬂung;EHEART1;zwischen M‰nnern und Frauen;1272
12611;Statistik der Eheschlieﬂungen;JAHR;Jahr;2019;KREISE;Kreisfreie St‰dte und Kreise;05358;    D¸ren, Kreis;EHEART;Art der Eheschlieﬂung;EHEART2;zwischen Personen gleichen Geschlechts;36
12611;Statistik der Eheschlieﬂungen;JAHR;Jahr;2019;KREISE;Kreisfreie St‰dte und Kreise;05362;    Rhein-Erft-Kreis;EHEART;Art der Eheschlieﬂung;;Insgesamt;2351
12611;Statistik der Eheschlieﬂungen;JAHR;Jahr;2019;KREISE;Kreisfreie St‰dte und Kreise;05362;    Rhein-Erft-Kreis;EHEART;Art der Eheschlieﬂung;EHEART1;zwischen M‰nnern und Frauen;2262
12611;Statistik der Eheschlieﬂungen;JAHR;Jahr;2019;KREISE;Kreisfreie St‰dte und Kreise;05362;    Rhein-Erft-Kreis;EHEART;Art der Eheschlieﬂung;EHEART2;zwischen Personen gleichen Geschlechts;89
12611;Statistik der Eheschlieﬂungen;JAHR;Jahr;2019;KREISE;Kreisfreie St‰dte und Kreise;05366;    Euskirchen, Kreis;EHEART;Art der Eheschlieﬂung;;Insgesamt;1040
12611;Statistik der Eheschlieﬂungen;JAHR;Jahr;2019;KREISE;Kreisfreie St‰dte und Kreise;05366;    Euskirchen, Kreis;EHEART;Art der Eheschlieﬂung;EHEART1;zwischen M‰nnern und Frauen;1004
12611;Statistik der Eheschlieﬂungen;JAHR;Jahr;2019;KREISE;Kreisfreie St‰dte und Kreise;05366;    Euskirchen, Kreis;EHEART;Art der Eheschlieﬂung;EHEART2;zwischen Personen gleichen Geschlechts;36
12611;Statistik der Eheschlieﬂungen;JAHR;Jahr;2019;KREISE;Kreisfreie St‰dte und Kreise;05370;    Heinsberg, Kreis;EHEART;Art der Eheschlieﬂung;;Insgesamt;1307
12611;Statistik der Eheschlieﬂungen;JAHR;Jahr;2019;KREISE;Kreisfreie St‰dte und Kreise;05370;    Heinsberg, Kreis;EHEART;Art der Eheschlieﬂung;EHEART1;zwischen M‰nnern und Frauen;1281
12611;Statistik der Eheschlieﬂungen;JAHR;Jahr;2019;KREISE;Kreisfreie St‰dte und Kreise;05370;    Heinsberg, Kreis;EHEART;Art der Eheschlieﬂung;EHEART2;zwischen Personen gleichen Geschlechts;26
12611;Statistik der Eheschlieﬂungen;JAHR;Jahr;2019;KREISE;Kreisfreie St‰dte und Kreise;05374;    Oberbergischer Kreis;EHEART;Art der Eheschlieﬂung;;Insgesamt;1480
12611;Statistik der Eheschlieﬂungen;JAHR;Jahr;2019;KREISE;Kreisfreie St‰dte und Kreise;05374;    Oberbergischer Kreis;EHEART;Art der Eheschlieﬂung;EHEART1;zwischen M‰nnern und Frauen;1446
12611;Statistik der Eheschlieﬂungen;JAHR;Jahr;2019;KREISE;Kreisfreie St‰dte und Kreise;05374;    Oberbergischer Kreis;EHEART;Art der Eheschlieﬂung;EHEART2;zwischen Personen gleichen Geschlechts;34
12611;Statistik der Eheschlieﬂungen;JAHR;Jahr;2019;KREISE;Kreisfreie St‰dte und Kreise;05378;    Rheinisch-Bergischer Kreis;EHEART;Art der Eheschlieﬂung;;Insgesamt;1725
12611;Statistik der Eheschlieﬂungen;JAHR;Jahr;2019;KREISE;Kreisfreie St‰dte und Kreise;05378;    Rheinisch-Bergischer Kreis;EHEART;Art der Eheschlieﬂung;EHEART1;zwischen M‰nnern und Frauen;1674
12611;Statistik der Eheschlieﬂungen;JAHR;Jahr;2019;KREISE;Kreisfreie St‰dte und Kreise;05378;    Rheinisch-Bergischer Kreis;EHEART;Art der Eheschlieﬂung;EHEART2;zwischen Personen gleichen Geschlechts;51
12611;Statistik der Eheschlieﬂungen;JAHR;Jahr;2019;KREISE;Kreisfreie St‰dte und Kreise;05382;    Rhein-Sieg-Kreis;EHEART;Art der Eheschlieﬂung;;Insgesamt;3268
12611;Statistik der Eheschlieﬂungen;JAHR;Jahr;2019;KREISE;Kreisfreie St‰dte und Kreise;05382;    Rhein-Sieg-Kreis;EHEART;Art der Eheschlieﬂung;EHEART1;zwischen M‰nnern und Frauen;3143
12611;Statistik der Eheschlieﬂungen;JAHR;Jahr;2019;KREISE;Kreisfreie St‰dte und Kreise;05382;    Rhein-Sieg-Kreis;EHEART;Art der Eheschlieﬂung;EHEART2;zwischen Personen gleichen Geschlechts;125
12611;Statistik der Eheschlieﬂungen;JAHR;Jahr;2019;KREISE;Kreisfreie St‰dte und Kreise;055;  M¸nster, Regierungsbezirk;EHEART;Art der Eheschlieﬂung;;Insgesamt;13946
12611;Statistik der Eheschlieﬂungen;JAHR;Jahr;2019;KREISE;Kreisfreie St‰dte und Kreise;055;  M¸nster, Regierungsbezirk;EHEART;Art der Eheschlieﬂung;EHEART1;zwischen M‰nnern und Frauen;13549
12611;Statistik der Eheschlieﬂungen;JAHR;Jahr;2019;KREISE;Kreisfreie St‰dte und Kreise;055;  M¸nster, Regierungsbezirk;EHEART;Art der Eheschlieﬂung;EHEART2;zwischen Personen gleichen Geschlechts;397
12611;Statistik der Eheschlieﬂungen;JAHR;Jahr;2019;KREISE;Kreisfreie St‰dte und Kreise;05512;    Bottrop, krfr. Stadt;EHEART;Art der Eheschlieﬂung;;Insgesamt;618
12611;Statistik der Eheschlieﬂungen;JAHR;Jahr;2019;KREISE;Kreisfreie St‰dte und Kreise;05512;    Bottrop, krfr. Stadt;EHEART;Art der Eheschlieﬂung;EHEART1;zwischen M‰nnern und Frauen;598
12611;Statistik der Eheschlieﬂungen;JAHR;Jahr;2019;KREISE;Kreisfreie St‰dte und Kreise;05512;    Bottrop, krfr. Stadt;EHEART;Art der Eheschlieﬂung;EHEART2;zwischen Personen gleichen Geschlechts;20
12611;Statistik der Eheschlieﬂungen;JAHR;Jahr;2019;KREISE;Kreisfreie St‰dte und Kreise;05513;    Gelsenkirchen, krfr. Stadt;EHEART;Art der Eheschlieﬂung;;Insgesamt;1381
12611;Statistik der Eheschlieﬂungen;JAHR;Jahr;2019;KREISE;Kreisfreie St‰dte und Kreise;05513;    Gelsenkirchen, krfr. Stadt;EHEART;Art der Eheschlieﬂung;EHEART1;zwischen M‰nnern und Frauen;1336
12611;Statistik der Eheschlieﬂungen;JAHR;Jahr;2019;KREISE;Kreisfreie St‰dte und Kreise;05513;    Gelsenkirchen, krfr. Stadt;EHEART;Art der Eheschlieﬂung;EHEART2;zwischen Personen gleichen Geschlechts;45
12611;Statistik der Eheschlieﬂungen;JAHR;Jahr;2019;KREISE;Kreisfreie St‰dte und Kreise;05515;    M¸nster, krfr. Stadt;EHEART;Art der Eheschlieﬂung;;Insgesamt;1574
12611;Statistik der Eheschlieﬂungen;JAHR;Jahr;2019;KREISE;Kreisfreie St‰dte und Kreise;05515;    M¸nster, krfr. Stadt;EHEART;Art der Eheschlieﬂung;EHEART1;zwischen M‰nnern und Frauen;1492
12611;Statistik der Eheschlieﬂungen;JAHR;Jahr;2019;KREISE;Kreisfreie St‰dte und Kreise;05515;    M¸nster, krfr. Stadt;EHEART;Art der Eheschlieﬂung;EHEART2;zwischen Personen gleichen Geschlechts;82
12611;Statistik der Eheschlieﬂungen;JAHR;Jahr;2019;KREISE;Kreisfreie St‰dte und Kreise;05554;    Borken, Kreis;EHEART;Art der Eheschlieﬂung;;Insgesamt;2186
12611;Statistik der Eheschlieﬂungen;JAHR;Jahr;2019;KREISE;Kreisfreie St‰dte und Kreise;05554;    Borken, Kreis;EHEART;Art der Eheschlieﬂung;EHEART1;zwischen M‰nnern und Frauen;2148
12611;Statistik der Eheschlieﬂungen;JAHR;Jahr;2019;KREISE;Kreisfreie St‰dte und Kreise;05554;    Borken, Kreis;EHEART;Art der Eheschlieﬂung;EHEART2;zwischen Personen gleichen Geschlechts;38
12611;Statistik der Eheschlieﬂungen;JAHR;Jahr;2019;KREISE;Kreisfreie St‰dte und Kreise;05558;    Coesfeld, Kreis;EHEART;Art der Eheschlieﬂung;;Insgesamt;1619
12611;Statistik der Eheschlieﬂungen;JAHR;Jahr;2019;KREISE;Kreisfreie St‰dte und Kreise;05558;    Coesfeld, Kreis;EHEART;Art der Eheschlieﬂung;EHEART1;zwischen M‰nnern und Frauen;1568
12611;Statistik der Eheschlieﬂungen;JAHR;Jahr;2019;KREISE;Kreisfreie St‰dte und Kreise;05558;    Coesfeld, Kreis;EHEART;Art der Eheschlieﬂung;EHEART2;zwischen Personen gleichen Geschlechts;51
12611;Statistik der Eheschlieﬂungen;JAHR;Jahr;2019;KREISE;Kreisfreie St‰dte und Kreise;05562;    Recklinghausen, Kreis;EHEART;Art der Eheschlieﬂung;;Insgesamt;2847
12611;Statistik der Eheschlieﬂungen;JAHR;Jahr;2019;KREISE;Kreisfreie St‰dte und Kreise;05562;    Recklinghausen, Kreis;EHEART;Art der Eheschlieﬂung;EHEART1;zwischen M‰nnern und Frauen;2757
12611;Statistik der Eheschlieﬂungen;JAHR;Jahr;2019;KREISE;Kreisfreie St‰dte und Kreise;05562;    Recklinghausen, Kreis;EHEART;Art der Eheschlieﬂung;EHEART2;zwischen Personen gleichen Geschlechts;90
12611;Statistik der Eheschlieﬂungen;JAHR;Jahr;2019;KREISE;Kreisfreie St‰dte und Kreise;05566;    Steinfurt, Kreis;EHEART;Art der Eheschlieﬂung;;Insgesamt;2295
12611;Statistik der Eheschlieﬂungen;JAHR;Jahr;2019;KREISE;Kreisfreie St‰dte und Kreise;05566;    Steinfurt, Kreis;EHEART;Art der Eheschlieﬂung;EHEART1;zwischen M‰nnern und Frauen;2252
12611;Statistik der Eheschlieﬂungen;JAHR;Jahr;2019;KREISE;Kreisfreie St‰dte und Kreise;05566;    Steinfurt, Kreis;EHEART;Art der Eheschlieﬂung;EHEART2;zwischen Personen gleichen Geschlechts;43
12611;Statistik der Eheschlieﬂungen;JAHR;Jahr;2019;KREISE;Kreisfreie St‰dte und Kreise;05570;    Warendorf, Kreis;EHEART;Art der Eheschlieﬂung;;Insgesamt;1426
12611;Statistik der Eheschlieﬂungen;JAHR;Jahr;2019;KREISE;Kreisfreie St‰dte und Kreise;05570;    Warendorf, Kreis;EHEART;Art der Eheschlieﬂung;EHEART1;zwischen M‰nnern und Frauen;1398
12611;Statistik der Eheschlieﬂungen;JAHR;Jahr;2019;KREISE;Kreisfreie St‰dte und Kreise;05570;    Warendorf, Kreis;EHEART;Art der Eheschlieﬂung;EHEART2;zwischen Personen gleichen Geschlechts;28
12611;Statistik der Eheschlieﬂungen;JAHR;Jahr;2019;KREISE;Kreisfreie St‰dte und Kreise;057;  Detmold, Regierungsbezirk;EHEART;Art der Eheschlieﬂung;;Insgesamt;10082
12611;Statistik der Eheschlieﬂungen;JAHR;Jahr;2019;KREISE;Kreisfreie St‰dte und Kreise;057;  Detmold, Regierungsbezirk;EHEART;Art der Eheschlieﬂung;EHEART1;zwischen M‰nnern und Frauen;9880
12611;Statistik der Eheschlieﬂungen;JAHR;Jahr;2019;KREISE;Kreisfreie St‰dte und Kreise;057;  Detmold, Regierungsbezirk;EHEART;Art der Eheschlieﬂung;EHEART2;zwischen Personen gleichen Geschlechts;202
12611;Statistik der Eheschlieﬂungen;JAHR;Jahr;2019;KREISE;Kreisfreie St‰dte und Kreise;05711;    Bielefeld, krfr. Stadt;EHEART;Art der Eheschlieﬂung;;Insgesamt;1419
12611;Statistik der Eheschlieﬂungen;JAHR;Jahr;2019;KREISE;Kreisfreie St‰dte und Kreise;05711;    Bielefeld, krfr. Stadt;EHEART;Art der Eheschlieﬂung;EHEART1;zwischen M‰nnern und Frauen;1352
12611;Statistik der Eheschlieﬂungen;JAHR;Jahr;2019;KREISE;Kreisfreie St‰dte und Kreise;05711;    Bielefeld, krfr. Stadt;EHEART;Art der Eheschlieﬂung;EHEART2;zwischen Personen gleichen Geschlechts;67
12611;Statistik der Eheschlieﬂungen;JAHR;Jahr;2019;KREISE;Kreisfreie St‰dte und Kreise;05754;    G¸tersloh, Kreis;EHEART;Art der Eheschlieﬂung;;Insgesamt;1834
12611;Statistik der Eheschlieﬂungen;JAHR;Jahr;2019;KREISE;Kreisfreie St‰dte und Kreise;05754;    G¸tersloh, Kreis;EHEART;Art der Eheschlieﬂung;EHEART1;zwischen M‰nnern und Frauen;1813
12611;Statistik der Eheschlieﬂungen;JAHR;Jahr;2019;KREISE;Kreisfreie St‰dte und Kreise;05754;    G¸tersloh, Kreis;EHEART;Art der Eheschlieﬂung;EHEART2;zwischen Personen gleichen Geschlechts;21
12611;Statistik der Eheschlieﬂungen;JAHR;Jahr;2019;KREISE;Kreisfreie St‰dte und Kreise;05758;    Herford, Kreis;EHEART;Art der Eheschlieﬂung;;Insgesamt;1175
12611;Statistik der Eheschlieﬂungen;JAHR;Jahr;2019;KREISE;Kreisfreie St‰dte und Kreise;05758;    Herford, Kreis;EHEART;Art der Eheschlieﬂung;EHEART1;zwischen M‰nnern und Frauen;1158
12611;Statistik der Eheschlieﬂungen;JAHR;Jahr;2019;KREISE;Kreisfreie St‰dte und Kreise;05758;    Herford, Kreis;EHEART;Art der Eheschlieﬂung;EHEART2;zwischen Personen gleichen Geschlechts;17
12611;Statistik der Eheschlieﬂungen;JAHR;Jahr;2019;KREISE;Kreisfreie St‰dte und Kreise;05762;    Hˆxter, Kreis;EHEART;Art der Eheschlieﬂung;;Insgesamt;767
12611;Statistik der Eheschlieﬂungen;JAHR;Jahr;2019;KREISE;Kreisfreie St‰dte und Kreise;05762;    Hˆxter, Kreis;EHEART;Art der Eheschlieﬂung;EHEART1;zwischen M‰nnern und Frauen;757
12611;Statistik der Eheschlieﬂungen;JAHR;Jahr;2019;KREISE;Kreisfreie St‰dte und Kreise;05762;    Hˆxter, Kreis;EHEART;Art der Eheschlieﬂung;EHEART2;zwischen Personen gleichen Geschlechts;10
12611;Statistik der Eheschlieﬂungen;JAHR;Jahr;2019;KREISE;Kreisfreie St‰dte und Kreise;05766;    Lippe, Kreis;EHEART;Art der Eheschlieﬂung;;Insgesamt;1729
12611;Statistik der Eheschlieﬂungen;JAHR;Jahr;2019;KREISE;Kreisfreie St‰dte und Kreise;05766;    Lippe, Kreis;EHEART;Art der Eheschlieﬂung;EHEART1;zwischen M‰nnern und Frauen;1700
12611;Statistik der Eheschlieﬂungen;JAHR;Jahr;2019;KREISE;Kreisfreie St‰dte und Kreise;05766;    Lippe, Kreis;EHEART;Art der Eheschlieﬂung;EHEART2;zwischen Personen gleichen Geschlechts;29
12611;Statistik der Eheschlieﬂungen;JAHR;Jahr;2019;KREISE;Kreisfreie St‰dte und Kreise;05770;    Minden-L¸bbecke, Kreis;EHEART;Art der Eheschlieﬂung;;Insgesamt;1559
12611;Statistik der Eheschlieﬂungen;JAHR;Jahr;2019;KREISE;Kreisfreie St‰dte und Kreise;05770;    Minden-L¸bbecke, Kreis;EHEART;Art der Eheschlieﬂung;EHEART1;zwischen M‰nnern und Frauen;1524
12611;Statistik der Eheschlieﬂungen;JAHR;Jahr;2019;KREISE;Kreisfreie St‰dte und Kreise;05770;    Minden-L¸bbecke, Kreis;EHEART;Art der Eheschlieﬂung;EHEART2;zwischen Personen gleichen Geschlechts;35
12611;Statistik der Eheschlieﬂungen;JAHR;Jahr;2019;KREISE;Kreisfreie St‰dte und Kreise;05774;    Paderborn, Kreis;EHEART;Art der Eheschlieﬂung;;Insgesamt;1599
12611;Statistik der Eheschlieﬂungen;JAHR;Jahr;2019;KREISE;Kreisfreie St‰dte und Kreise;05774;    Paderborn, Kreis;EHEART;Art der Eheschlieﬂung;EHEART1;zwischen M‰nnern und Frauen;1576
12611;Statistik der Eheschlieﬂungen;JAHR;Jahr;2019;KREISE;Kreisfreie St‰dte und Kreise;05774;    Paderborn, Kreis;EHEART;Art der Eheschlieﬂung;EHEART2;zwischen Personen gleichen Geschlechts;23
12611;Statistik der Eheschlieﬂungen;JAHR;Jahr;2019;KREISE;Kreisfreie St‰dte und Kreise;059;  Arnsberg, Regierungsbezirk;EHEART;Art der Eheschlieﬂung;;Insgesamt;17465
12611;Statistik der Eheschlieﬂungen;JAHR;Jahr;2019;KREISE;Kreisfreie St‰dte und Kreise;059;  Arnsberg, Regierungsbezirk;EHEART;Art der Eheschlieﬂung;EHEART1;zwischen M‰nnern und Frauen;16972
12611;Statistik der Eheschlieﬂungen;JAHR;Jahr;2019;KREISE;Kreisfreie St‰dte und Kreise;059;  Arnsberg, Regierungsbezirk;EHEART;Art der Eheschlieﬂung;EHEART2;zwischen Personen gleichen Geschlechts;493
12611;Statistik der Eheschlieﬂungen;JAHR;Jahr;2019;KREISE;Kreisfreie St‰dte und Kreise;05911;    Bochum, krfr. Stadt;EHEART;Art der Eheschlieﬂung;;Insgesamt;1515
12611;Statistik der Eheschlieﬂungen;JAHR;Jahr;2019;KREISE;Kreisfreie St‰dte und Kreise;05911;    Bochum, krfr. Stadt;EHEART;Art der Eheschlieﬂung;EHEART1;zwischen M‰nnern und Frauen;1448
12611;Statistik der Eheschlieﬂungen;JAHR;Jahr;2019;KREISE;Kreisfreie St‰dte und Kreise;05911;    Bochum, krfr. Stadt;EHEART;Art der Eheschlieﬂung;EHEART2;zwischen Personen gleichen Geschlechts;67
12611;Statistik der Eheschlieﬂungen;JAHR;Jahr;2019;KREISE;Kreisfreie St‰dte und Kreise;05913;    Dortmund, krfr. Stadt;EHEART;Art der Eheschlieﬂung;;Insgesamt;2663
12611;Statistik der Eheschlieﬂungen;JAHR;Jahr;2019;KREISE;Kreisfreie St‰dte und Kreise;05913;    Dortmund, krfr. Stadt;EHEART;Art der Eheschlieﬂung;EHEART1;zwischen M‰nnern und Frauen;2548
12611;Statistik der Eheschlieﬂungen;JAHR;Jahr;2019;KREISE;Kreisfreie St‰dte und Kreise;05913;    Dortmund, krfr. Stadt;EHEART;Art der Eheschlieﬂung;EHEART2;zwischen Personen gleichen Geschlechts;115
12611;Statistik der Eheschlieﬂungen;JAHR;Jahr;2019;KREISE;Kreisfreie St‰dte und Kreise;05914;    Hagen, krfr. Stadt;EHEART;Art der Eheschlieﬂung;;Insgesamt;792
12611;Statistik der Eheschlieﬂungen;JAHR;Jahr;2019;KREISE;Kreisfreie St‰dte und Kreise;05914;    Hagen, krfr. Stadt;EHEART;Art der Eheschlieﬂung;EHEART1;zwischen M‰nnern und Frauen;773
12611;Statistik der Eheschlieﬂungen;JAHR;Jahr;2019;KREISE;Kreisfreie St‰dte und Kreise;05914;    Hagen, krfr. Stadt;EHEART;Art der Eheschlieﬂung;EHEART2;zwischen Personen gleichen Geschlechts;19
12611;Statistik der Eheschlieﬂungen;JAHR;Jahr;2019;KREISE;Kreisfreie St‰dte und Kreise;05915;    Hamm, krfr. Stadt;EHEART;Art der Eheschlieﬂung;;Insgesamt;946
12611;Statistik der Eheschlieﬂungen;JAHR;Jahr;2019;KREISE;Kreisfreie St‰dte und Kreise;05915;    Hamm, krfr. Stadt;EHEART;Art der Eheschlieﬂung;EHEART1;zwischen M‰nnern und Frauen;928
12611;Statistik der Eheschlieﬂungen;JAHR;Jahr;2019;KREISE;Kreisfreie St‰dte und Kreise;05915;    Hamm, krfr. Stadt;EHEART;Art der Eheschlieﬂung;EHEART2;zwischen Personen gleichen Geschlechts;18
12611;Statistik der Eheschlieﬂungen;JAHR;Jahr;2019;KREISE;Kreisfreie St‰dte und Kreise;05916;    Herne, krfr. Stadt;EHEART;Art der Eheschlieﬂung;;Insgesamt;656
12611;Statistik der Eheschlieﬂungen;JAHR;Jahr;2019;KREISE;Kreisfreie St‰dte und Kreise;05916;    Herne, krfr. Stadt;EHEART;Art der Eheschlieﬂung;EHEART1;zwischen M‰nnern und Frauen;640
12611;Statistik der Eheschlieﬂungen;JAHR;Jahr;2019;KREISE;Kreisfreie St‰dte und Kreise;05916;    Herne, krfr. Stadt;EHEART;Art der Eheschlieﬂung;EHEART2;zwischen Personen gleichen Geschlechts;16
12611;Statistik der Eheschlieﬂungen;JAHR;Jahr;2019;KREISE;Kreisfreie St‰dte und Kreise;05954;    Ennepe-Ruhr-Kreis;EHEART;Art der Eheschlieﬂung;;Insgesamt;2162
12611;Statistik der Eheschlieﬂungen;JAHR;Jahr;2019;KREISE;Kreisfreie St‰dte und Kreise;05954;    Ennepe-Ruhr-Kreis;EHEART;Art der Eheschlieﬂung;EHEART1;zwischen M‰nnern und Frauen;2099
12611;Statistik der Eheschlieﬂungen;JAHR;Jahr;2019;KREISE;Kreisfreie St‰dte und Kreise;05954;    Ennepe-Ruhr-Kreis;EHEART;Art der Eheschlieﬂung;EHEART2;zwischen Personen gleichen Geschlechts;63
12611;Statistik der Eheschlieﬂungen;JAHR;Jahr;2019;KREISE;Kreisfreie St‰dte und Kreise;05958;    Hochsauerlandkreis;EHEART;Art der Eheschlieﬂung;;Insgesamt;1259
12611;Statistik der Eheschlieﬂungen;JAHR;Jahr;2019;KREISE;Kreisfreie St‰dte und Kreise;05958;    Hochsauerlandkreis;EHEART;Art der Eheschlieﬂung;EHEART1;zwischen M‰nnern und Frauen;1242
12611;Statistik der Eheschlieﬂungen;JAHR;Jahr;2019;KREISE;Kreisfreie St‰dte und Kreise;05958;    Hochsauerlandkreis;EHEART;Art der Eheschlieﬂung;EHEART2;zwischen Personen gleichen Geschlechts;17
12611;Statistik der Eheschlieﬂungen;JAHR;Jahr;2019;KREISE;Kreisfreie St‰dte und Kreise;05962;    M‰rkischer Kreis;EHEART;Art der Eheschlieﬂung;;Insgesamt;1991
12611;Statistik der Eheschlieﬂungen;JAHR;Jahr;2019;KREISE;Kreisfreie St‰dte und Kreise;05962;    M‰rkischer Kreis;EHEART;Art der Eheschlieﬂung;EHEART1;zwischen M‰nnern und Frauen;1953
12611;Statistik der Eheschlieﬂungen;JAHR;Jahr;2019;KREISE;Kreisfreie St‰dte und Kreise;05962;    M‰rkischer Kreis;EHEART;Art der Eheschlieﬂung;EHEART2;zwischen Personen gleichen Geschlechts;38
12611;Statistik der Eheschlieﬂungen;JAHR;Jahr;2019;KREISE;Kreisfreie St‰dte und Kreise;05966;    Olpe, Kreis;EHEART;Art der Eheschlieﬂung;;Insgesamt;726
12611;Statistik der Eheschlieﬂungen;JAHR;Jahr;2019;KREISE;Kreisfreie St‰dte und Kreise;05966;    Olpe, Kreis;EHEART;Art der Eheschlieﬂung;EHEART1;zwischen M‰nnern und Frauen;715
12611;Statistik der Eheschlieﬂungen;JAHR;Jahr;2019;KREISE;Kreisfreie St‰dte und Kreise;05966;    Olpe, Kreis;EHEART;Art der Eheschlieﬂung;EHEART2;zwischen Personen gleichen Geschlechts;11
12611;Statistik der Eheschlieﬂungen;JAHR;Jahr;2019;KREISE;Kreisfreie St‰dte und Kreise;05970;    Siegen-Wittgenstein, Kreis;EHEART;Art der Eheschlieﬂung;;Insgesamt;1371
12611;Statistik der Eheschlieﬂungen;JAHR;Jahr;2019;KREISE;Kreisfreie St‰dte und Kreise;05970;    Siegen-Wittgenstein, Kreis;EHEART;Art der Eheschlieﬂung;EHEART1;zwischen M‰nnern und Frauen;1332
12611;Statistik der Eheschlieﬂungen;JAHR;Jahr;2019;KREISE;Kreisfreie St‰dte und Kreise;05970;    Siegen-Wittgenstein, Kreis;EHEART;Art der Eheschlieﬂung;EHEART2;zwischen Personen gleichen Geschlechts;39
12611;Statistik der Eheschlieﬂungen;JAHR;Jahr;2019;KREISE;Kreisfreie St‰dte und Kreise;05974;    Soest, Kreis;EHEART;Art der Eheschlieﬂung;;Insgesamt;1484
12611;Statistik der Eheschlieﬂungen;JAHR;Jahr;2019;KREISE;Kreisfreie St‰dte und Kreise;05974;    Soest, Kreis;EHEART;Art der Eheschlieﬂung;EHEART1;zwischen M‰nnern und Frauen;1451
12611;Statistik der Eheschlieﬂungen;JAHR;Jahr;2019;KREISE;Kreisfreie St‰dte und Kreise;05974;    Soest, Kreis;EHEART;Art der Eheschlieﬂung;EHEART2;zwischen Personen gleichen Geschlechts;33
12611;Statistik der Eheschlieﬂungen;JAHR;Jahr;2019;KREISE;Kreisfreie St‰dte und Kreise;05978;    Unna, Kreis;EHEART;Art der Eheschlieﬂung;;Insgesamt;1900
12611;Statistik der Eheschlieﬂungen;JAHR;Jahr;2019;KREISE;Kreisfreie St‰dte und Kreise;05978;    Unna, Kreis;EHEART;Art der Eheschlieﬂung;EHEART1;zwischen M‰nnern und Frauen;1843
12611;Statistik der Eheschlieﬂungen;JAHR;Jahr;2019;KREISE;Kreisfreie St‰dte und Kreise;05978;    Unna, Kreis;EHEART;Art der Eheschlieﬂung;EHEART2;zwischen Personen gleichen Geschlechts;57
