Statistik_Code;Statistik_Label;Zeit_Code;Zeit_Label;Zeit;1_Merkmal_Code;1_Merkmal_Label;1_Auspraegung_Code;1_Auspraegung_Label;2_Merkmal_Code;2_Merkmal_Label;2_Auspraegung_Code;2_Auspraegung_Label;3_Merkmal_Code;3_Merkmal_Label;3_Auspraegung_Code;3_Auspraegung_Label;ID0005__Beschaeftigte__2015=100;CH0005__Beschaeftigte__Veränderung_zum_Vorjahr_(%);ID0006__Vollzeitbeschaeftigte__2015=100;CH0006__Vollzeitbeschaeftigte__Veränderung_zum_Vorjahr_(%);ID0007__Teilzeitbeschaeftigte__2015=100;CH0007__Teilzeitbeschaeftigte__Veränderung_zum_Vorjahr_(%)
45214;Monatsstatistik im Kfz-Handel, Instandhaltung und Reparatur;JAHR;Jahr;2020;DLAND;Land;05;Nordrhein-Westfalen;MONAT;Monate;MONAT01;Januar;WZ08K9;WZ2008: Kfz-Handel;WZ08-45;Kfz-Handel, Instandhaltung und Reparatur von Kfz;107,3;+0,8;107,5;+0,7;106,7;+0,9
45214;Monatsstatistik im Kfz-Handel, Instandhaltung und Reparatur;JAHR;Jahr;2020;DLAND;Land;05;Nordrhein-Westfalen;MONAT;Monate;MONAT01;Januar;WZ08K9;WZ2008: Kfz-Handel;WZ08-451;Handel mit Kraftwagen;109,0;+0,7;109,1;+0,6;108,5;+1,3
45214;Monatsstatistik im Kfz-Handel, Instandhaltung und Reparatur;JAHR;Jahr;2020;DLAND;Land;05;Nordrhein-Westfalen;MONAT;Monate;MONAT01;Januar;WZ08K9;WZ2008: Kfz-Handel;WZ08-452;Instandhaltung und Reparatur von Kraftwagen;104,8;+1,2;104,7;+1,3;104,8;+0,8
45214;Monatsstatistik im Kfz-Handel, Instandhaltung und Reparatur;JAHR;Jahr;2020;DLAND;Land;05;Nordrhein-Westfalen;MONAT;Monate;MONAT01;Januar;WZ08K9;WZ2008: Kfz-Handel;WZ08-453;Handel m. Kraftwagenteilen und -zubehör;107,0;-0,5;107,3;-0,5;106,0;-0,7
45214;Monatsstatistik im Kfz-Handel, Instandhaltung und Reparatur;JAHR;Jahr;2020;DLAND;Land;05;Nordrhein-Westfalen;MONAT;Monate;MONAT01;Januar;WZ08K9;WZ2008: Kfz-Handel;WZ08-454;H. m.Krädern, Teilen u. Zubeh., Instandh. u. Rep.;111,1;+4,8;111,0;+3,4;111,3;+7,6
45214;Monatsstatistik im Kfz-Handel, Instandhaltung und Reparatur;JAHR;Jahr;2020;DLAND;Land;05;Nordrhein-Westfalen;MONAT;Monate;MONAT01;Januar;WZ08K9;WZ2008: Kfz-Handel;WZ08-451-01;Handel mit Kraftwagen (ohne Reparatur von Kfz und ohne Tankstellen);108,6;+0,6;108,8;+0,5;108,0;+1,0
45214;Monatsstatistik im Kfz-Handel, Instandhaltung und Reparatur;JAHR;Jahr;2020;DLAND;Land;05;Nordrhein-Westfalen;MONAT;Monate;MONAT01;Januar;WZ08K9;WZ2008: Kfz-Handel;WZ08-4511-01;Einzelhandel mit Kraftwagen unter 3,5t, Kraftwagenteilen und -zubehör;108,6;+0,9;108,5;+0,8;108,9;+1,2
45214;Monatsstatistik im Kfz-Handel, Instandhaltung und Reparatur;JAHR;Jahr;2020;DLAND;Land;05;Nordrhein-Westfalen;MONAT;Monate;MONAT02;Februar;WZ08K9;WZ2008: Kfz-Handel;WZ08-45;Kfz-Handel, Instandhaltung und Reparatur von Kfz;107,0;+0,5;107,0;+0,4;107,0;+0,9
45214;Monatsstatistik im Kfz-Handel, Instandhaltung und Reparatur;JAHR;Jahr;2020;DLAND;Land;05;Nordrhein-Westfalen;MONAT;Monate;MONAT02;Februar;WZ08K9;WZ2008: Kfz-Handel;WZ08-451;Handel mit Kraftwagen;108,7;+0,5;108,5;+0,2;109,3;+1,6
45214;Monatsstatistik im Kfz-Handel, Instandhaltung und Reparatur;JAHR;Jahr;2020;DLAND;Land;05;Nordrhein-Westfalen;MONAT;Monate;MONAT02;Februar;WZ08K9;WZ2008: Kfz-Handel;WZ08-452;Instandhaltung und Reparatur von Kraftwagen;104,5;+1,1;104,4;+1,1;104,6;+0,9
45214;Monatsstatistik im Kfz-Handel, Instandhaltung und Reparatur;JAHR;Jahr;2020;DLAND;Land;05;Nordrhein-Westfalen;MONAT;Monate;MONAT02;Februar;WZ08K9;WZ2008: Kfz-Handel;WZ08-453;Handel m. Kraftwagenteilen und -zubehör;106,9;-0,7;107,0;-0,6;106,6;-0,9
45214;Monatsstatistik im Kfz-Handel, Instandhaltung und Reparatur;JAHR;Jahr;2020;DLAND;Land;05;Nordrhein-Westfalen;MONAT;Monate;MONAT02;Februar;WZ08K9;WZ2008: Kfz-Handel;WZ08-454;H. m.Krädern, Teilen u. Zubeh., Instandh. u. Rep.;111,6;+4,4;111,8;+3,6;111,4;+6,0
45214;Monatsstatistik im Kfz-Handel, Instandhaltung und Reparatur;JAHR;Jahr;2020;DLAND;Land;05;Nordrhein-Westfalen;MONAT;Monate;MONAT02;Februar;WZ08K9;WZ2008: Kfz-Handel;WZ08-451-01;Handel mit Kraftwagen (ohne Reparatur von Kfz und ohne Tankstellen);108,3;+0,3;108,2;+0,1;108,6;+1,0
45214;Monatsstatistik im Kfz-Handel, Instandhaltung und Reparatur;JAHR;Jahr;2020;DLAND;Land;05;Nordrhein-Westfalen;MONAT;Monate;MONAT02;Februar;WZ08K9;WZ2008: Kfz-Handel;WZ08-4511-01;Einzelhandel mit Kraftwagen unter 3,5t, Kraftwagenteilen und -zubehör;108,1;+0,6;107,8;+0,4;109,5;+1,5
45214;Monatsstatistik im Kfz-Handel, Instandhaltung und Reparatur;JAHR;Jahr;2020;DLAND;Land;05;Nordrhein-Westfalen;MONAT;Monate;MONAT03;März;WZ08K9;WZ2008: Kfz-Handel;WZ08-45;Kfz-Handel, Instandhaltung und Reparatur von Kfz;106,7;+0,1;106,8;+0,2;106,3;-0,1
45214;Monatsstatistik im Kfz-Handel, Instandhaltung und Reparatur;JAHR;Jahr;2020;DLAND;Land;05;Nordrhein-Westfalen;MONAT;Monate;MONAT03;März;WZ08K9;WZ2008: Kfz-Handel;WZ08-451;Handel mit Kraftwagen;108,3;+0,1;108,2;0,0;108,7;+0,7
45214;Monatsstatistik im Kfz-Handel, Instandhaltung und Reparatur;JAHR;Jahr;2020;DLAND;Land;05;Nordrhein-Westfalen;MONAT;Monate;MONAT03;März;WZ08K9;WZ2008: Kfz-Handel;WZ08-452;Instandhaltung und Reparatur von Kraftwagen;103,9;+0,5;104,1;+0,9;103,6;-0,4
45214;Monatsstatistik im Kfz-Handel, Instandhaltung und Reparatur;JAHR;Jahr;2020;DLAND;Land;05;Nordrhein-Westfalen;MONAT;Monate;MONAT03;März;WZ08K9;WZ2008: Kfz-Handel;WZ08-453;Handel m. Kraftwagenteilen und -zubehör;106,9;-0,8;107,1;-0,6;106,1;-1,5
45214;Monatsstatistik im Kfz-Handel, Instandhaltung und Reparatur;JAHR;Jahr;2020;DLAND;Land;05;Nordrhein-Westfalen;MONAT;Monate;MONAT03;März;WZ08K9;WZ2008: Kfz-Handel;WZ08-454;H. m.Krädern, Teilen u. Zubeh., Instandh. u. Rep.;113,0;+3,5;113,3;+4,0;112,7;+2,5
45214;Monatsstatistik im Kfz-Handel, Instandhaltung und Reparatur;JAHR;Jahr;2020;DLAND;Land;05;Nordrhein-Westfalen;MONAT;Monate;MONAT03;März;WZ08K9;WZ2008: Kfz-Handel;WZ08-451-01;Handel mit Kraftwagen (ohne Reparatur von Kfz und ohne Tankstellen);108,1;0,0;108,0;+2,2;108,2;+8,6
45214;Monatsstatistik im Kfz-Handel, Instandhaltung und Reparatur;JAHR;Jahr;2020;DLAND;Land;05;Nordrhein-Westfalen;MONAT;Monate;MONAT03;März;WZ08K9;WZ2008: Kfz-Handel;WZ08-4511-01;Einzelhandel mit Kraftwagen unter 3,5t, Kraftwagenteilen und -zubehör;107,8;-0,1;107,5;-0,2;109,0;+0,5
45214;Monatsstatistik im Kfz-Handel, Instandhaltung und Reparatur;JAHR;Jahr;2020;DLAND;Land;05;Nordrhein-Westfalen;MONAT;Monate;MONAT04;April;WZ08K9;WZ2008: Kfz-Handel;WZ08-45;Kfz-Handel, Instandhaltung und Reparatur von Kfz;105,5;-1,1;106,0;-0,5;103,9;-3,2
45214;Monatsstatistik im Kfz-Handel, Instandhaltung und Reparatur;JAHR;Jahr;2020;DLAND;Land;05;Nordrhein-Westfalen;MONAT;Monate;MONAT04;April;WZ08K9;WZ2008: Kfz-Handel;WZ08-451;Handel mit Kraftwagen;107,1;-0,8;107,5;-0,3;105,4;-3,1
45214;Monatsstatistik im Kfz-Handel, Instandhaltung und Reparatur;JAHR;Jahr;2020;DLAND;Land;05;Nordrhein-Westfalen;MONAT;Monate;MONAT04;April;WZ08K9;WZ2008: Kfz-Handel;WZ08-452;Instandhaltung und Reparatur von Kraftwagen;102,5;-1,2;103,0;-0,2;101,1;-3,5
45214;Monatsstatistik im Kfz-Handel, Instandhaltung und Reparatur;JAHR;Jahr;2020;DLAND;Land;05;Nordrhein-Westfalen;MONAT;Monate;MONAT04;April;WZ08K9;WZ2008: Kfz-Handel;WZ08-453;Handel m. Kraftwagenteilen und -zubehör;106,0;-2,1;106,2;-1,9;105,4;-2,9
45214;Monatsstatistik im Kfz-Handel, Instandhaltung und Reparatur;JAHR;Jahr;2020;DLAND;Land;05;Nordrhein-Westfalen;MONAT;Monate;MONAT04;April;WZ08K9;WZ2008: Kfz-Handel;WZ08-454;H. m.Krädern, Teilen u. Zubeh., Instandh. u. Rep.;112,7;+0,6;112,6;+1,9;113,0;-1,7
45214;Monatsstatistik im Kfz-Handel, Instandhaltung und Reparatur;JAHR;Jahr;2020;DLAND;Land;05;Nordrhein-Westfalen;MONAT;Monate;MONAT04;April;WZ08K9;WZ2008: Kfz-Handel;WZ08-451-01;Handel mit Kraftwagen (ohne Reparatur von Kfz und ohne Tankstellen);107,0;-1,1;107,3;-0,6;105,8;-2,9
45214;Monatsstatistik im Kfz-Handel, Instandhaltung und Reparatur;JAHR;Jahr;2020;DLAND;Land;05;Nordrhein-Westfalen;MONAT;Monate;MONAT04;April;WZ08K9;WZ2008: Kfz-Handel;WZ08-4511-01;Einzelhandel mit Kraftwagen unter 3,5t, Kraftwagenteilen und -zubehör;106,7;-1,1;106,8;-0,7;106,4;-3,0
45214;Monatsstatistik im Kfz-Handel, Instandhaltung und Reparatur;JAHR;Jahr;2020;DLAND;Land;05;Nordrhein-Westfalen;MONAT;Monate;MONAT05;Mai;WZ08K9;WZ2008: Kfz-Handel;WZ08-45;Kfz-Handel, Instandhaltung und Reparatur von Kfz;104,7;-1,8;105,2;-1,1;102,8;-4,2
45214;Monatsstatistik im Kfz-Handel, Instandhaltung und Reparatur;JAHR;Jahr;2020;DLAND;Land;05;Nordrhein-Westfalen;MONAT;Monate;MONAT05;Mai;WZ08K9;WZ2008: Kfz-Handel;WZ08-451;Handel mit Kraftwagen;106,5;-1,4;107,0;-0,8;104,6;-3,8
45214;Monatsstatistik im Kfz-Handel, Instandhaltung und Reparatur;JAHR;Jahr;2020;DLAND;Land;05;Nordrhein-Westfalen;MONAT;Monate;MONAT05;Mai;WZ08K9;WZ2008: Kfz-Handel;WZ08-452;Instandhaltung und Reparatur von Kraftwagen;101,1;-2,3;101,8;-1,0;99,5;-5,5
45214;Monatsstatistik im Kfz-Handel, Instandhaltung und Reparatur;JAHR;Jahr;2020;DLAND;Land;05;Nordrhein-Westfalen;MONAT;Monate;MONAT05;Mai;WZ08K9;WZ2008: Kfz-Handel;WZ08-453;Handel m. Kraftwagenteilen und -zubehör;105,2;-2,6;105,5;-2,4;104,2;-3,2
45214;Monatsstatistik im Kfz-Handel, Instandhaltung und Reparatur;JAHR;Jahr;2020;DLAND;Land;05;Nordrhein-Westfalen;MONAT;Monate;MONAT05;Mai;WZ08K9;WZ2008: Kfz-Handel;WZ08-454;H. m.Krädern, Teilen u. Zubeh., Instandh. u. Rep.;113,6;+2,0;112,2;+1,7;116,2;+2,4
45214;Monatsstatistik im Kfz-Handel, Instandhaltung und Reparatur;JAHR;Jahr;2020;DLAND;Land;05;Nordrhein-Westfalen;MONAT;Monate;MONAT05;Mai;WZ08K9;WZ2008: Kfz-Handel;WZ08-451-01;Handel mit Kraftwagen (ohne Reparatur von Kfz und ohne Tankstellen);106,4;-1,6;106,7;-1,2;105,1;-3,3
45214;Monatsstatistik im Kfz-Handel, Instandhaltung und Reparatur;JAHR;Jahr;2020;DLAND;Land;05;Nordrhein-Westfalen;MONAT;Monate;MONAT05;Mai;WZ08K9;WZ2008: Kfz-Handel;WZ08-4511-01;Einzelhandel mit Kraftwagen unter 3,5t, Kraftwagenteilen und -zubehör;106,1;-1,6;106,3;-1,1;105,6;-3,4
45214;Monatsstatistik im Kfz-Handel, Instandhaltung und Reparatur;JAHR;Jahr;2020;DLAND;Land;05;Nordrhein-Westfalen;MONAT;Monate;MONAT06;Juni;WZ08K9;WZ2008: Kfz-Handel;WZ08-45;Kfz-Handel, Instandhaltung und Reparatur von Kfz;104,4;-1,9;104,7;-1,3;103,4;-3,7
45214;Monatsstatistik im Kfz-Handel, Instandhaltung und Reparatur;JAHR;Jahr;2020;DLAND;Land;05;Nordrhein-Westfalen;MONAT;Monate;MONAT06;Juni;WZ08K9;WZ2008: Kfz-Handel;WZ08-451;Handel mit Kraftwagen;106,2;-1,5;106,4;-1,0;105,2;-3,3
45214;Monatsstatistik im Kfz-Handel, Instandhaltung und Reparatur;JAHR;Jahr;2020;DLAND;Land;05;Nordrhein-Westfalen;MONAT;Monate;MONAT06;Juni;WZ08K9;WZ2008: Kfz-Handel;WZ08-452;Instandhaltung und Reparatur von Kraftwagen;100,8;-2,5;101,1;-1,4;100,2;-5,2
45214;Monatsstatistik im Kfz-Handel, Instandhaltung und Reparatur;JAHR;Jahr;2020;DLAND;Land;05;Nordrhein-Westfalen;MONAT;Monate;MONAT06;Juni;WZ08K9;WZ2008: Kfz-Handel;WZ08-453;Handel m. Kraftwagenteilen und -zubehör;105,0;-2,3;105,3;-2,2;104,2;-2,7
45214;Monatsstatistik im Kfz-Handel, Instandhaltung und Reparatur;JAHR;Jahr;2020;DLAND;Land;05;Nordrhein-Westfalen;MONAT;Monate;MONAT06;Juni;WZ08K9;WZ2008: Kfz-Handel;WZ08-454;H. m.Krädern, Teilen u. Zubeh., Instandh. u. Rep.;115,0;+3,0;112,7;+2,4;119,6;+4,1
45214;Monatsstatistik im Kfz-Handel, Instandhaltung und Reparatur;JAHR;Jahr;2020;DLAND;Land;05;Nordrhein-Westfalen;MONAT;Monate;MONAT06;Juni;WZ08K9;WZ2008: Kfz-Handel;WZ08-451-01;Handel mit Kraftwagen (ohne Reparatur von Kfz und ohne Tankstellen);106,1;-1,6;106,2;-1,3;105,6;-2,8
45214;Monatsstatistik im Kfz-Handel, Instandhaltung und Reparatur;JAHR;Jahr;2020;DLAND;Land;05;Nordrhein-Westfalen;MONAT;Monate;MONAT06;Juni;WZ08K9;WZ2008: Kfz-Handel;WZ08-4511-01;Einzelhandel mit Kraftwagen unter 3,5t, Kraftwagenteilen und -zubehör;105,8;-1,5;105,8;-1,1;106,0;-2,8
45214;Monatsstatistik im Kfz-Handel, Instandhaltung und Reparatur;JAHR;Jahr;2020;DLAND;Land;05;Nordrhein-Westfalen;MONAT;Monate;MONAT07;Juli;WZ08K9;WZ2008: Kfz-Handel;WZ08-45;Kfz-Handel, Instandhaltung und Reparatur von Kfz;104,2;-2,1;104,3;-1,4;103,6;-4,1
45214;Monatsstatistik im Kfz-Handel, Instandhaltung und Reparatur;JAHR;Jahr;2020;DLAND;Land;05;Nordrhein-Westfalen;MONAT;Monate;MONAT07;Juli;WZ08K9;WZ2008: Kfz-Handel;WZ08-451;Handel mit Kraftwagen;105,8;-1,9;106,0;-1,4;104,7;-4,3
45214;Monatsstatistik im Kfz-Handel, Instandhaltung und Reparatur;JAHR;Jahr;2020;DLAND;Land;05;Nordrhein-Westfalen;MONAT;Monate;MONAT07;Juli;WZ08K9;WZ2008: Kfz-Handel;WZ08-452;Instandhaltung und Reparatur von Kraftwagen;100,8;-2,5;100,9;-1,2;100,7;-5,4
45214;Monatsstatistik im Kfz-Handel, Instandhaltung und Reparatur;JAHR;Jahr;2020;DLAND;Land;05;Nordrhein-Westfalen;MONAT;Monate;MONAT07;Juli;WZ08K9;WZ2008: Kfz-Handel;WZ08-453;Handel m. Kraftwagenteilen und -zubehör;104,6;-2,3;104,6;-2,4;104,4;-2,3
45214;Monatsstatistik im Kfz-Handel, Instandhaltung und Reparatur;JAHR;Jahr;2020;DLAND;Land;05;Nordrhein-Westfalen;MONAT;Monate;MONAT07;Juli;WZ08K9;WZ2008: Kfz-Handel;WZ08-454;H. m.Krädern, Teilen u. Zubeh., Instandh. u. Rep.;115,5;+2,8;112,6;+2,6;121,2;+3,1
45214;Monatsstatistik im Kfz-Handel, Instandhaltung und Reparatur;JAHR;Jahr;2020;DLAND;Land;05;Nordrhein-Westfalen;MONAT;Monate;MONAT07;Juli;WZ08K9;WZ2008: Kfz-Handel;WZ08-451-01;Handel mit Kraftwagen (ohne Reparatur von Kfz und ohne Tankstellen);105,8;-1,9;105,9;-1,5;105,5;-3,3
45214;Monatsstatistik im Kfz-Handel, Instandhaltung und Reparatur;JAHR;Jahr;2020;DLAND;Land;05;Nordrhein-Westfalen;MONAT;Monate;MONAT07;Juli;WZ08K9;WZ2008: Kfz-Handel;WZ08-4511-01;Einzelhandel mit Kraftwagen unter 3,5t, Kraftwagenteilen und -zubehör;105,3;-1,9;105,3;-1,4;105,4;-3,6
45214;Monatsstatistik im Kfz-Handel, Instandhaltung und Reparatur;JAHR;Jahr;2020;DLAND;Land;05;Nordrhein-Westfalen;MONAT;Monate;MONAT08;August;WZ08K9;WZ2008: Kfz-Handel;WZ08-45;Kfz-Handel, Instandhaltung und Reparatur von Kfz;106,0;-2,1;106,7;-1,7;103,4;-3,9
45214;Monatsstatistik im Kfz-Handel, Instandhaltung und Reparatur;JAHR;Jahr;2020;DLAND;Land;05;Nordrhein-Westfalen;MONAT;Monate;MONAT08;August;WZ08K9;WZ2008: Kfz-Handel;WZ08-451;Handel mit Kraftwagen;107,8;-2,0;108,4;-1,6;104,9;-4,0
45214;Monatsstatistik im Kfz-Handel, Instandhaltung und Reparatur;JAHR;Jahr;2020;DLAND;Land;05;Nordrhein-Westfalen;MONAT;Monate;MONAT08;August;WZ08K9;WZ2008: Kfz-Handel;WZ08-452;Instandhaltung und Reparatur von Kraftwagen;103,0;-2,6;104,1;-1,5;100,3;-5,1
45214;Monatsstatistik im Kfz-Handel, Instandhaltung und Reparatur;JAHR;Jahr;2020;DLAND;Land;05;Nordrhein-Westfalen;MONAT;Monate;MONAT08;August;WZ08K9;WZ2008: Kfz-Handel;WZ08-453;Handel m. Kraftwagenteilen und -zubehör;105,2;-2,4;105,5;-2,5;104,4;-2,1
45214;Monatsstatistik im Kfz-Handel, Instandhaltung und Reparatur;JAHR;Jahr;2020;DLAND;Land;05;Nordrhein-Westfalen;MONAT;Monate;MONAT08;August;WZ08K9;WZ2008: Kfz-Handel;WZ08-454;H. m.Krädern, Teilen u. Zubeh., Instandh. u. Rep.;117,4;+3,1;116,2;+2,4;119,9;+4,4
45214;Monatsstatistik im Kfz-Handel, Instandhaltung und Reparatur;JAHR;Jahr;2020;DLAND;Land;05;Nordrhein-Westfalen;MONAT;Monate;MONAT08;August;WZ08K9;WZ2008: Kfz-Handel;WZ08-451-01;Handel mit Kraftwagen (ohne Reparatur von Kfz und ohne Tankstellen);107,4;-2,0;107,9;-1,7;105,5;-3,1
45214;Monatsstatistik im Kfz-Handel, Instandhaltung und Reparatur;JAHR;Jahr;2020;DLAND;Land;05;Nordrhein-Westfalen;MONAT;Monate;MONAT08;August;WZ08K9;WZ2008: Kfz-Handel;WZ08-4511-01;Einzelhandel mit Kraftwagen unter 3,5t, Kraftwagenteilen und -zubehör;107,2;-2,0;107,6;-1,6;105,4;-3,7
45214;Monatsstatistik im Kfz-Handel, Instandhaltung und Reparatur;JAHR;Jahr;2020;DLAND;Land;05;Nordrhein-Westfalen;MONAT;Monate;MONAT09;September;WZ08K9;WZ2008: Kfz-Handel;WZ08-45;Kfz-Handel, Instandhaltung und Reparatur von Kfz;106,1;-2,6;106,9;-2,3;103,3;-3,5
45214;Monatsstatistik im Kfz-Handel, Instandhaltung und Reparatur;JAHR;Jahr;2020;DLAND;Land;05;Nordrhein-Westfalen;MONAT;Monate;MONAT09;September;WZ08K9;WZ2008: Kfz-Handel;WZ08-451;Handel mit Kraftwagen;108,0;-2,5;108,6;-2,3;105,0;-4,0
45214;Monatsstatistik im Kfz-Handel, Instandhaltung und Reparatur;JAHR;Jahr;2020;DLAND;Land;05;Nordrhein-Westfalen;MONAT;Monate;MONAT09;September;WZ08K9;WZ2008: Kfz-Handel;WZ08-452;Instandhaltung und Reparatur von Kraftwagen;103,1;-2,9;104,4;-2,2;100,1;-4,5
45214;Monatsstatistik im Kfz-Handel, Instandhaltung und Reparatur;JAHR;Jahr;2020;DLAND;Land;05;Nordrhein-Westfalen;MONAT;Monate;MONAT09;September;WZ08K9;WZ2008: Kfz-Handel;WZ08-453;Handel m. Kraftwagenteilen und -zubehör;105,0;-3,0;105,3;-3,2;103,9;-2,3
45214;Monatsstatistik im Kfz-Handel, Instandhaltung und Reparatur;JAHR;Jahr;2020;DLAND;Land;05;Nordrhein-Westfalen;MONAT;Monate;MONAT09;September;WZ08K9;WZ2008: Kfz-Handel;WZ08-454;H. m.Krädern, Teilen u. Zubeh., Instandh. u. Rep.;117,7;+4,1;116,3;+2,4;120,5;+7,3
45214;Monatsstatistik im Kfz-Handel, Instandhaltung und Reparatur;JAHR;Jahr;2020;DLAND;Land;05;Nordrhein-Westfalen;MONAT;Monate;MONAT09;September;WZ08K9;WZ2008: Kfz-Handel;WZ08-451-01;Handel mit Kraftwagen (ohne Reparatur von Kfz und ohne Tankstellen);107,5;-2,5;108,0;-2,4;105,5;-2,9
45214;Monatsstatistik im Kfz-Handel, Instandhaltung und Reparatur;JAHR;Jahr;2020;DLAND;Land;05;Nordrhein-Westfalen;MONAT;Monate;MONAT09;September;WZ08K9;WZ2008: Kfz-Handel;WZ08-4511-01;Einzelhandel mit Kraftwagen unter 3,5t, Kraftwagenteilen und -zubehör;107,3;-2,5;107,8;-2,3;105,4;-3,6
45214;Monatsstatistik im Kfz-Handel, Instandhaltung und Reparatur;JAHR;Jahr;2020;DLAND;Land;05;Nordrhein-Westfalen;MONAT;Monate;MONAT10;Oktober;WZ08K9;WZ2008: Kfz-Handel;WZ08-45;Kfz-Handel, Instandhaltung und Reparatur von Kfz;106,0;-2,8;106,8;-2,4;103,2;-3,9
45214;Monatsstatistik im Kfz-Handel, Instandhaltung und Reparatur;JAHR;Jahr;2020;DLAND;Land;05;Nordrhein-Westfalen;MONAT;Monate;MONAT10;Oktober;WZ08K9;WZ2008: Kfz-Handel;WZ08-451;Handel mit Kraftwagen;107,7;-2,6;108,3;-2,3;104,8;-4,1
45214;Monatsstatistik im Kfz-Handel, Instandhaltung und Reparatur;JAHR;Jahr;2020;DLAND;Land;05;Nordrhein-Westfalen;MONAT;Monate;MONAT10;Oktober;WZ08K9;WZ2008: Kfz-Handel;WZ08-452;Instandhaltung und Reparatur von Kraftwagen;102,9;-3,2;104,2;-2,4;99,7;-5,2
45214;Monatsstatistik im Kfz-Handel, Instandhaltung und Reparatur;JAHR;Jahr;2020;DLAND;Land;05;Nordrhein-Westfalen;MONAT;Monate;MONAT10;Oktober;WZ08K9;WZ2008: Kfz-Handel;WZ08-453;Handel m. Kraftwagenteilen und -zubehör;105,7;-3,1;106,1;-3,2;104,7;-2,8
45214;Monatsstatistik im Kfz-Handel, Instandhaltung und Reparatur;JAHR;Jahr;2020;DLAND;Land;05;Nordrhein-Westfalen;MONAT;Monate;MONAT10;Oktober;WZ08K9;WZ2008: Kfz-Handel;WZ08-454;H. m.Krädern, Teilen u. Zubeh., Instandh. u. Rep.;117,1;+4,1;115,5;+2,2;120,3;+7,9
45214;Monatsstatistik im Kfz-Handel, Instandhaltung und Reparatur;JAHR;Jahr;2020;DLAND;Land;05;Nordrhein-Westfalen;MONAT;Monate;MONAT10;Oktober;WZ08K9;WZ2008: Kfz-Handel;WZ08-451-01;Handel mit Kraftwagen (ohne Reparatur von Kfz und ohne Tankstellen);107,5;-2,5;107,9;-2,4;105,6;-3,1
45214;Monatsstatistik im Kfz-Handel, Instandhaltung und Reparatur;JAHR;Jahr;2020;DLAND;Land;05;Nordrhein-Westfalen;MONAT;Monate;MONAT10;Oktober;WZ08K9;WZ2008: Kfz-Handel;WZ08-4511-01;Einzelhandel mit Kraftwagen unter 3,5t, Kraftwagenteilen und -zubehör;107,3;-2,6;107,7;-2,4;105,7;-3,6
45214;Monatsstatistik im Kfz-Handel, Instandhaltung und Reparatur;JAHR;Jahr;2020;DLAND;Land;05;Nordrhein-Westfalen;MONAT;Monate;MONAT11;November;WZ08K9;WZ2008: Kfz-Handel;WZ08-45;Kfz-Handel, Instandhaltung und Reparatur von Kfz;105,9;-2,8;106,6;-2,5;103,4;-3,8
45214;Monatsstatistik im Kfz-Handel, Instandhaltung und Reparatur;JAHR;Jahr;2020;DLAND;Land;05;Nordrhein-Westfalen;MONAT;Monate;MONAT11;November;WZ08K9;WZ2008: Kfz-Handel;WZ08-451;Handel mit Kraftwagen;107,7;-2,6;108,3;-2,3;104,9;-4,1
45214;Monatsstatistik im Kfz-Handel, Instandhaltung und Reparatur;JAHR;Jahr;2020;DLAND;Land;05;Nordrhein-Westfalen;MONAT;Monate;MONAT11;November;WZ08K9;WZ2008: Kfz-Handel;WZ08-452;Instandhaltung und Reparatur von Kraftwagen;102,7;-3,2;103,7;-2,5;100,1;-5,0
45214;Monatsstatistik im Kfz-Handel, Instandhaltung und Reparatur;JAHR;Jahr;2020;DLAND;Land;05;Nordrhein-Westfalen;MONAT;Monate;MONAT11;November;WZ08K9;WZ2008: Kfz-Handel;WZ08-453;Handel m. Kraftwagenteilen und -zubehör;105,6;-3,2;106,0;-3,1;104,6;-3,1
45214;Monatsstatistik im Kfz-Handel, Instandhaltung und Reparatur;JAHR;Jahr;2020;DLAND;Land;05;Nordrhein-Westfalen;MONAT;Monate;MONAT11;November;WZ08K9;WZ2008: Kfz-Handel;WZ08-454;H. m.Krädern, Teilen u. Zubeh., Instandh. u. Rep.;116,9;+5,6;114,9;+2,8;120,8;+11,2
45214;Monatsstatistik im Kfz-Handel, Instandhaltung und Reparatur;JAHR;Jahr;2020;DLAND;Land;05;Nordrhein-Westfalen;MONAT;Monate;MONAT11;November;WZ08K9;WZ2008: Kfz-Handel;WZ08-451-01;Handel mit Kraftwagen (ohne Reparatur von Kfz und ohne Tankstellen);107,5;-2,5;107,9;-2,4;105,6;-3,1
45214;Monatsstatistik im Kfz-Handel, Instandhaltung und Reparatur;JAHR;Jahr;2020;DLAND;Land;05;Nordrhein-Westfalen;MONAT;Monate;MONAT11;November;WZ08K9;WZ2008: Kfz-Handel;WZ08-4511-01;Einzelhandel mit Kraftwagen unter 3,5t, Kraftwagenteilen und -zubehör;107,4;-2,5;107,8;-2,2;105,8;-3,7
45214;Monatsstatistik im Kfz-Handel, Instandhaltung und Reparatur;JAHR;Jahr;2020;DLAND;Land;05;Nordrhein-Westfalen;MONAT;Monate;MONAT12;Dezember;WZ08K9;WZ2008: Kfz-Handel;WZ08-45;Kfz-Handel, Instandhaltung und Reparatur von Kfz;...;...;...;...;...;...
45214;Monatsstatistik im Kfz-Handel, Instandhaltung und Reparatur;JAHR;Jahr;2020;DLAND;Land;05;Nordrhein-Westfalen;MONAT;Monate;MONAT12;Dezember;WZ08K9;WZ2008: Kfz-Handel;WZ08-451;Handel mit Kraftwagen;...;...;...;...;...;...
45214;Monatsstatistik im Kfz-Handel, Instandhaltung und Reparatur;JAHR;Jahr;2020;DLAND;Land;05;Nordrhein-Westfalen;MONAT;Monate;MONAT12;Dezember;WZ08K9;WZ2008: Kfz-Handel;WZ08-452;Instandhaltung und Reparatur von Kraftwagen;...;...;...;...;...;...
45214;Monatsstatistik im Kfz-Handel, Instandhaltung und Reparatur;JAHR;Jahr;2020;DLAND;Land;05;Nordrhein-Westfalen;MONAT;Monate;MONAT12;Dezember;WZ08K9;WZ2008: Kfz-Handel;WZ08-453;Handel m. Kraftwagenteilen und -zubehör;...;...;...;...;...;...
45214;Monatsstatistik im Kfz-Handel, Instandhaltung und Reparatur;JAHR;Jahr;2020;DLAND;Land;05;Nordrhein-Westfalen;MONAT;Monate;MONAT12;Dezember;WZ08K9;WZ2008: Kfz-Handel;WZ08-454;H. m.Krädern, Teilen u. Zubeh., Instandh. u. Rep.;...;...;...;...;...;...
45214;Monatsstatistik im Kfz-Handel, Instandhaltung und Reparatur;JAHR;Jahr;2020;DLAND;Land;05;Nordrhein-Westfalen;MONAT;Monate;MONAT12;Dezember;WZ08K9;WZ2008: Kfz-Handel;WZ08-451-01;Handel mit Kraftwagen (ohne Reparatur von Kfz und ohne Tankstellen);...;...;...;...;...;...
45214;Monatsstatistik im Kfz-Handel, Instandhaltung und Reparatur;JAHR;Jahr;2020;DLAND;Land;05;Nordrhein-Westfalen;MONAT;Monate;MONAT12;Dezember;WZ08K9;WZ2008: Kfz-Handel;WZ08-4511-01;Einzelhandel mit Kraftwagen unter 3,5t, Kraftwagenteilen und -zubehör;...;...;...;...;...;...
45214;Monatsstatistik im Kfz-Handel, Instandhaltung und Reparatur;JAHR;Jahr;2019;DLAND;Land;05;Nordrhein-Westfalen;MONAT;Monate;MONAT01;Januar;WZ08K9;WZ2008: Kfz-Handel;WZ08-45;Kfz-Handel, Instandhaltung und Reparatur von Kfz;106,5;+1,5;106,8;+1,6;105,7;+1,3
45214;Monatsstatistik im Kfz-Handel, Instandhaltung und Reparatur;JAHR;Jahr;2019;DLAND;Land;05;Nordrhein-Westfalen;MONAT;Monate;MONAT01;Januar;WZ08K9;WZ2008: Kfz-Handel;WZ08-451;Handel mit Kraftwagen;108,2;+1,6;108,4;+1,7;107,1;+1,4
45214;Monatsstatistik im Kfz-Handel, Instandhaltung und Reparatur;JAHR;Jahr;2019;DLAND;Land;05;Nordrhein-Westfalen;MONAT;Monate;MONAT01;Januar;WZ08K9;WZ2008: Kfz-Handel;WZ08-452;Instandhaltung und Reparatur von Kraftwagen;103,6;+1,0;103,4;+0,9;104,0;+1,3
45214;Monatsstatistik im Kfz-Handel, Instandhaltung und Reparatur;JAHR;Jahr;2019;DLAND;Land;05;Nordrhein-Westfalen;MONAT;Monate;MONAT01;Januar;WZ08K9;WZ2008: Kfz-Handel;WZ08-453;Handel m. Kraftwagenteilen und -zubehör;107,5;+2,3;107,8;+2,7;106,8;+1,2
45214;Monatsstatistik im Kfz-Handel, Instandhaltung und Reparatur;JAHR;Jahr;2019;DLAND;Land;05;Nordrhein-Westfalen;MONAT;Monate;MONAT01;Januar;WZ08K9;WZ2008: Kfz-Handel;WZ08-454;H. m.Krädern, Teilen u. Zubeh., Instandh. u. Rep.;106,0;+2,2;107,3;+2,4;103,4;+2,1
45214;Monatsstatistik im Kfz-Handel, Instandhaltung und Reparatur;JAHR;Jahr;2019;DLAND;Land;05;Nordrhein-Westfalen;MONAT;Monate;MONAT01;Januar;WZ08K9;WZ2008: Kfz-Handel;WZ08-451-01;Handel mit Kraftwagen (ohne Reparatur von Kfz und ohne Tankstellen);108,0;+1,8;108,3;+2,0;106,9;+1,3
45214;Monatsstatistik im Kfz-Handel, Instandhaltung und Reparatur;JAHR;Jahr;2019;DLAND;Land;05;Nordrhein-Westfalen;MONAT;Monate;MONAT01;Januar;WZ08K9;WZ2008: Kfz-Handel;WZ08-4511-01;Einzelhandel mit Kraftwagen unter 3,5t, Kraftwagenteilen und -zubehör;107,6;+1,5;107,6;+1,4;107,6;+1,6
45214;Monatsstatistik im Kfz-Handel, Instandhaltung und Reparatur;JAHR;Jahr;2019;DLAND;Land;05;Nordrhein-Westfalen;MONAT;Monate;MONAT02;Februar;WZ08K9;WZ2008: Kfz-Handel;WZ08-45;Kfz-Handel, Instandhaltung und Reparatur von Kfz;106,5;+1,5;106,6;+1,5;106,0;+1,2
45214;Monatsstatistik im Kfz-Handel, Instandhaltung und Reparatur;JAHR;Jahr;2019;DLAND;Land;05;Nordrhein-Westfalen;MONAT;Monate;MONAT02;Februar;WZ08K9;WZ2008: Kfz-Handel;WZ08-451;Handel mit Kraftwagen;108,2;+1,8;108,3;+1,9;107,6;+1,3
45214;Monatsstatistik im Kfz-Handel, Instandhaltung und Reparatur;JAHR;Jahr;2019;DLAND;Land;05;Nordrhein-Westfalen;MONAT;Monate;MONAT02;Februar;WZ08K9;WZ2008: Kfz-Handel;WZ08-452;Instandhaltung und Reparatur von Kraftwagen;103,4;+1,0;103,3;+0,9;103,7;+1,2
45214;Monatsstatistik im Kfz-Handel, Instandhaltung und Reparatur;JAHR;Jahr;2019;DLAND;Land;05;Nordrhein-Westfalen;MONAT;Monate;MONAT02;Februar;WZ08K9;WZ2008: Kfz-Handel;WZ08-453;Handel m. Kraftwagenteilen und -zubehör;107,6;+1,5;107,6;+1,6;107,6;+0,8
45214;Monatsstatistik im Kfz-Handel, Instandhaltung und Reparatur;JAHR;Jahr;2019;DLAND;Land;05;Nordrhein-Westfalen;MONAT;Monate;MONAT02;Februar;WZ08K9;WZ2008: Kfz-Handel;WZ08-454;H. m.Krädern, Teilen u. Zubeh., Instandh. u. Rep.;106,9;+2,9;107,9;+2,8;105,1;+3,3
45214;Monatsstatistik im Kfz-Handel, Instandhaltung und Reparatur;JAHR;Jahr;2019;DLAND;Land;05;Nordrhein-Westfalen;MONAT;Monate;MONAT02;Februar;WZ08K9;WZ2008: Kfz-Handel;WZ08-451-01;Handel mit Kraftwagen (ohne Reparatur von Kfz und ohne Tankstellen);108,0;+1,7;108,1;+1,8;107,5;+1,2
45214;Monatsstatistik im Kfz-Handel, Instandhaltung und Reparatur;JAHR;Jahr;2019;DLAND;Land;05;Nordrhein-Westfalen;MONAT;Monate;MONAT02;Februar;WZ08K9;WZ2008: Kfz-Handel;WZ08-4511-01;Einzelhandel mit Kraftwagen unter 3,5t, Kraftwagenteilen und -zubehör;107,5;+1,6;107,4;+1,6;107,9;+1,4
45214;Monatsstatistik im Kfz-Handel, Instandhaltung und Reparatur;JAHR;Jahr;2019;DLAND;Land;05;Nordrhein-Westfalen;MONAT;Monate;MONAT03;März;WZ08K9;WZ2008: Kfz-Handel;WZ08-45;Kfz-Handel, Instandhaltung und Reparatur von Kfz;106,6;+1,5;106,6;+1,5;106,4;+1,3
45214;Monatsstatistik im Kfz-Handel, Instandhaltung und Reparatur;JAHR;Jahr;2019;DLAND;Land;05;Nordrhein-Westfalen;MONAT;Monate;MONAT03;März;WZ08K9;WZ2008: Kfz-Handel;WZ08-451;Handel mit Kraftwagen;108,2;+1,9;108,2;+1,9;107,9;+1,5
45214;Monatsstatistik im Kfz-Handel, Instandhaltung und Reparatur;JAHR;Jahr;2019;DLAND;Land;05;Nordrhein-Westfalen;MONAT;Monate;MONAT03;März;WZ08K9;WZ2008: Kfz-Handel;WZ08-452;Instandhaltung und Reparatur von Kraftwagen;103,4;+1,0;103,2;+1,0;104,0;+1,2
45214;Monatsstatistik im Kfz-Handel, Instandhaltung und Reparatur;JAHR;Jahr;2019;DLAND;Land;05;Nordrhein-Westfalen;MONAT;Monate;MONAT03;März;WZ08K9;WZ2008: Kfz-Handel;WZ08-453;Handel m. Kraftwagenteilen und -zubehör;107,8;+1,1;107,8;+1,3;107,7;+0,1
45214;Monatsstatistik im Kfz-Handel, Instandhaltung und Reparatur;JAHR;Jahr;2019;DLAND;Land;05;Nordrhein-Westfalen;MONAT;Monate;MONAT03;März;WZ08K9;WZ2008: Kfz-Handel;WZ08-454;H. m.Krädern, Teilen u. Zubeh., Instandh. u. Rep.;109,2;+3,8;108,9;+2,9;109,9;+5,8
45214;Monatsstatistik im Kfz-Handel, Instandhaltung und Reparatur;JAHR;Jahr;2019;DLAND;Land;05;Nordrhein-Westfalen;MONAT;Monate;MONAT03;März;WZ08K9;WZ2008: Kfz-Handel;WZ08-451-01;Handel mit Kraftwagen (ohne Reparatur von Kfz und ohne Tankstellen);108,1;+1,7;105,7;-0,5;99,6;-6,6
45214;Monatsstatistik im Kfz-Handel, Instandhaltung und Reparatur;JAHR;Jahr;2019;DLAND;Land;05;Nordrhein-Westfalen;MONAT;Monate;MONAT03;März;WZ08K9;WZ2008: Kfz-Handel;WZ08-4511-01;Einzelhandel mit Kraftwagen unter 3,5t, Kraftwagenteilen und -zubehör;107,9;+1,9;107,7;+1,9;108,5;+1,8
45214;Monatsstatistik im Kfz-Handel, Instandhaltung und Reparatur;JAHR;Jahr;2019;DLAND;Land;05;Nordrhein-Westfalen;MONAT;Monate;MONAT04;April;WZ08K9;WZ2008: Kfz-Handel;WZ08-45;Kfz-Handel, Instandhaltung und Reparatur von Kfz;106,7;+1,4;106,5;+1,4;107,3;+1,6
45214;Monatsstatistik im Kfz-Handel, Instandhaltung und Reparatur;JAHR;Jahr;2019;DLAND;Land;05;Nordrhein-Westfalen;MONAT;Monate;MONAT04;April;WZ08K9;WZ2008: Kfz-Handel;WZ08-451;Handel mit Kraftwagen;108,0;+1,5;107,8;+1,4;108,8;+2,2
45214;Monatsstatistik im Kfz-Handel, Instandhaltung und Reparatur;JAHR;Jahr;2019;DLAND;Land;05;Nordrhein-Westfalen;MONAT;Monate;MONAT04;April;WZ08K9;WZ2008: Kfz-Handel;WZ08-452;Instandhaltung und Reparatur von Kraftwagen;103,7;+1,4;103,2;+1,3;104,8;+1,5
45214;Monatsstatistik im Kfz-Handel, Instandhaltung und Reparatur;JAHR;Jahr;2019;DLAND;Land;05;Nordrhein-Westfalen;MONAT;Monate;MONAT04;April;WZ08K9;WZ2008: Kfz-Handel;WZ08-453;Handel m. Kraftwagenteilen und -zubehör;108,3;+1,2;108,3;+1,6;108,6;+0,4
45214;Monatsstatistik im Kfz-Handel, Instandhaltung und Reparatur;JAHR;Jahr;2019;DLAND;Land;05;Nordrhein-Westfalen;MONAT;Monate;MONAT04;April;WZ08K9;WZ2008: Kfz-Handel;WZ08-454;H. m.Krädern, Teilen u. Zubeh., Instandh. u. Rep.;112,0;+4,8;110,5;+4,0;114,9;+6,0
45214;Monatsstatistik im Kfz-Handel, Instandhaltung und Reparatur;JAHR;Jahr;2019;DLAND;Land;05;Nordrhein-Westfalen;MONAT;Monate;MONAT04;April;WZ08K9;WZ2008: Kfz-Handel;WZ08-451-01;Handel mit Kraftwagen (ohne Reparatur von Kfz und ohne Tankstellen);108,2;+1,5;108,0;+1,5;109,0;+1,8
45214;Monatsstatistik im Kfz-Handel, Instandhaltung und Reparatur;JAHR;Jahr;2019;DLAND;Land;05;Nordrhein-Westfalen;MONAT;Monate;MONAT04;April;WZ08K9;WZ2008: Kfz-Handel;WZ08-4511-01;Einzelhandel mit Kraftwagen unter 3,5t, Kraftwagenteilen und -zubehör;107,9;+1,7;107,5;+1,5;109,7;+2,4
45214;Monatsstatistik im Kfz-Handel, Instandhaltung und Reparatur;JAHR;Jahr;2019;DLAND;Land;05;Nordrhein-Westfalen;MONAT;Monate;MONAT05;Mai;WZ08K9;WZ2008: Kfz-Handel;WZ08-45;Kfz-Handel, Instandhaltung und Reparatur von Kfz;106,6;+1,4;106,4;+1,4;107,3;+1,4
45214;Monatsstatistik im Kfz-Handel, Instandhaltung und Reparatur;JAHR;Jahr;2019;DLAND;Land;05;Nordrhein-Westfalen;MONAT;Monate;MONAT05;Mai;WZ08K9;WZ2008: Kfz-Handel;WZ08-451;Handel mit Kraftwagen;108,0;+1,7;107,9;+1,7;108,7;+2,3
45214;Monatsstatistik im Kfz-Handel, Instandhaltung und Reparatur;JAHR;Jahr;2019;DLAND;Land;05;Nordrhein-Westfalen;MONAT;Monate;MONAT05;Mai;WZ08K9;WZ2008: Kfz-Handel;WZ08-452;Instandhaltung und Reparatur von Kraftwagen;103,5;+1,1;102,8;+1,1;105,3;+1,3
45214;Monatsstatistik im Kfz-Handel, Instandhaltung und Reparatur;JAHR;Jahr;2019;DLAND;Land;05;Nordrhein-Westfalen;MONAT;Monate;MONAT05;Mai;WZ08K9;WZ2008: Kfz-Handel;WZ08-453;Handel m. Kraftwagenteilen und -zubehör;108,0;+1,1;108,1;+1,5;107,6;-0,5
45214;Monatsstatistik im Kfz-Handel, Instandhaltung und Reparatur;JAHR;Jahr;2019;DLAND;Land;05;Nordrhein-Westfalen;MONAT;Monate;MONAT05;Mai;WZ08K9;WZ2008: Kfz-Handel;WZ08-454;H. m.Krädern, Teilen u. Zubeh., Instandh. u. Rep.;111,4;+4,0;110,3;+3,9;113,5;+4,0
45214;Monatsstatistik im Kfz-Handel, Instandhaltung und Reparatur;JAHR;Jahr;2019;DLAND;Land;05;Nordrhein-Westfalen;MONAT;Monate;MONAT05;Mai;WZ08K9;WZ2008: Kfz-Handel;WZ08-451-01;Handel mit Kraftwagen (ohne Reparatur von Kfz und ohne Tankstellen);108,1;+1,6;108,0;+1,7;108,7;+1,6
45214;Monatsstatistik im Kfz-Handel, Instandhaltung und Reparatur;JAHR;Jahr;2019;DLAND;Land;05;Nordrhein-Westfalen;MONAT;Monate;MONAT05;Mai;WZ08K9;WZ2008: Kfz-Handel;WZ08-4511-01;Einzelhandel mit Kraftwagen unter 3,5t, Kraftwagenteilen und -zubehör;107,8;+1,8;107,5;+1,7;109,3;+2,1
45214;Monatsstatistik im Kfz-Handel, Instandhaltung und Reparatur;JAHR;Jahr;2019;DLAND;Land;05;Nordrhein-Westfalen;MONAT;Monate;MONAT06;Juni;WZ08K9;WZ2008: Kfz-Handel;WZ08-45;Kfz-Handel, Instandhaltung und Reparatur von Kfz;106,4;+1,3;106,1;+1,4;107,4;+1,0
45214;Monatsstatistik im Kfz-Handel, Instandhaltung und Reparatur;JAHR;Jahr;2019;DLAND;Land;05;Nordrhein-Westfalen;MONAT;Monate;MONAT06;Juni;WZ08K9;WZ2008: Kfz-Handel;WZ08-451;Handel mit Kraftwagen;107,8;+1,7;107,5;+1,6;108,8;+2,1
45214;Monatsstatistik im Kfz-Handel, Instandhaltung und Reparatur;JAHR;Jahr;2019;DLAND;Land;05;Nordrhein-Westfalen;MONAT;Monate;MONAT06;Juni;WZ08K9;WZ2008: Kfz-Handel;WZ08-452;Instandhaltung und Reparatur von Kraftwagen;103,4;+1,2;102,5;+1,1;105,7;+1,3
45214;Monatsstatistik im Kfz-Handel, Instandhaltung und Reparatur;JAHR;Jahr;2019;DLAND;Land;05;Nordrhein-Westfalen;MONAT;Monate;MONAT06;Juni;WZ08K9;WZ2008: Kfz-Handel;WZ08-453;Handel m. Kraftwagenteilen und -zubehör;107,5;+0,6;107,7;+1,3;107,1;-1,8
45214;Monatsstatistik im Kfz-Handel, Instandhaltung und Reparatur;JAHR;Jahr;2019;DLAND;Land;05;Nordrhein-Westfalen;MONAT;Monate;MONAT06;Juni;WZ08K9;WZ2008: Kfz-Handel;WZ08-454;H. m.Krädern, Teilen u. Zubeh., Instandh. u. Rep.;111,7;+2,8;110,1;+3,2;114,9;+1,7
45214;Monatsstatistik im Kfz-Handel, Instandhaltung und Reparatur;JAHR;Jahr;2019;DLAND;Land;05;Nordrhein-Westfalen;MONAT;Monate;MONAT06;Juni;WZ08K9;WZ2008: Kfz-Handel;WZ08-451-01;Handel mit Kraftwagen (ohne Reparatur von Kfz und ohne Tankstellen);107,8;+1,4;107,6;+1,5;108,6;+0,9
45214;Monatsstatistik im Kfz-Handel, Instandhaltung und Reparatur;JAHR;Jahr;2019;DLAND;Land;05;Nordrhein-Westfalen;MONAT;Monate;MONAT06;Juni;WZ08K9;WZ2008: Kfz-Handel;WZ08-4511-01;Einzelhandel mit Kraftwagen unter 3,5t, Kraftwagenteilen und -zubehör;107,4;+1,6;107,0;+1,6;109,0;+1,7
45214;Monatsstatistik im Kfz-Handel, Instandhaltung und Reparatur;JAHR;Jahr;2019;DLAND;Land;05;Nordrhein-Westfalen;MONAT;Monate;MONAT07;Juli;WZ08K9;WZ2008: Kfz-Handel;WZ08-45;Kfz-Handel, Instandhaltung und Reparatur von Kfz;106,4;+1,5;105,8;+1,4;108,0;+1,5
45214;Monatsstatistik im Kfz-Handel, Instandhaltung und Reparatur;JAHR;Jahr;2019;DLAND;Land;05;Nordrhein-Westfalen;MONAT;Monate;MONAT07;Juli;WZ08K9;WZ2008: Kfz-Handel;WZ08-451;Handel mit Kraftwagen;107,9;+2,1;107,5;+1,9;109,4;+2,7
45214;Monatsstatistik im Kfz-Handel, Instandhaltung und Reparatur;JAHR;Jahr;2019;DLAND;Land;05;Nordrhein-Westfalen;MONAT;Monate;MONAT07;Juli;WZ08K9;WZ2008: Kfz-Handel;WZ08-452;Instandhaltung und Reparatur von Kraftwagen;103,4;+1,4;102,1;+1,3;106,5;+1,6
45214;Monatsstatistik im Kfz-Handel, Instandhaltung und Reparatur;JAHR;Jahr;2019;DLAND;Land;05;Nordrhein-Westfalen;MONAT;Monate;MONAT07;Juli;WZ08K9;WZ2008: Kfz-Handel;WZ08-453;Handel m. Kraftwagenteilen und -zubehör;107,1;+0,1;107,2;+0,8;106,9;-2,0
45214;Monatsstatistik im Kfz-Handel, Instandhaltung und Reparatur;JAHR;Jahr;2019;DLAND;Land;05;Nordrhein-Westfalen;MONAT;Monate;MONAT07;Juli;WZ08K9;WZ2008: Kfz-Handel;WZ08-454;H. m.Krädern, Teilen u. Zubeh., Instandh. u. Rep.;112,4;+3,6;109,7;+2,6;117,6;+5,0
45214;Monatsstatistik im Kfz-Handel, Instandhaltung und Reparatur;JAHR;Jahr;2019;DLAND;Land;05;Nordrhein-Westfalen;MONAT;Monate;MONAT07;Juli;WZ08K9;WZ2008: Kfz-Handel;WZ08-451-01;Handel mit Kraftwagen (ohne Reparatur von Kfz und ohne Tankstellen);107,8;+1,6;107,5;+1,7;109,1;+1,5
45214;Monatsstatistik im Kfz-Handel, Instandhaltung und Reparatur;JAHR;Jahr;2019;DLAND;Land;05;Nordrhein-Westfalen;MONAT;Monate;MONAT07;Juli;WZ08K9;WZ2008: Kfz-Handel;WZ08-4511-01;Einzelhandel mit Kraftwagen unter 3,5t, Kraftwagenteilen und -zubehör;107,3;+1,8;106,8;+1,8;109,3;+1,9
45214;Monatsstatistik im Kfz-Handel, Instandhaltung und Reparatur;JAHR;Jahr;2019;DLAND;Land;05;Nordrhein-Westfalen;MONAT;Monate;MONAT08;August;WZ08K9;WZ2008: Kfz-Handel;WZ08-45;Kfz-Handel, Instandhaltung und Reparatur von Kfz;108,3;+1,1;108,5;+1,0;107,6;+1,5
45214;Monatsstatistik im Kfz-Handel, Instandhaltung und Reparatur;JAHR;Jahr;2019;DLAND;Land;05;Nordrhein-Westfalen;MONAT;Monate;MONAT08;August;WZ08K9;WZ2008: Kfz-Handel;WZ08-451;Handel mit Kraftwagen;110,0;+1,2;110,2;+1,0;109,3;+2,4
45214;Monatsstatistik im Kfz-Handel, Instandhaltung und Reparatur;JAHR;Jahr;2019;DLAND;Land;05;Nordrhein-Westfalen;MONAT;Monate;MONAT08;August;WZ08K9;WZ2008: Kfz-Handel;WZ08-452;Instandhaltung und Reparatur von Kraftwagen;105,7;+1,4;105,7;+1,2;105,7;+1,7
45214;Monatsstatistik im Kfz-Handel, Instandhaltung und Reparatur;JAHR;Jahr;2019;DLAND;Land;05;Nordrhein-Westfalen;MONAT;Monate;MONAT08;August;WZ08K9;WZ2008: Kfz-Handel;WZ08-453;Handel m. Kraftwagenteilen und -zubehör;107,8;0,0;108,2;+0,6;106,6;-1,7
45214;Monatsstatistik im Kfz-Handel, Instandhaltung und Reparatur;JAHR;Jahr;2019;DLAND;Land;05;Nordrhein-Westfalen;MONAT;Monate;MONAT08;August;WZ08K9;WZ2008: Kfz-Handel;WZ08-454;H. m.Krädern, Teilen u. Zubeh., Instandh. u. Rep.;113,9;+3,9;113,5;+3,7;114,9;+4,4
45214;Monatsstatistik im Kfz-Handel, Instandhaltung und Reparatur;JAHR;Jahr;2019;DLAND;Land;05;Nordrhein-Westfalen;MONAT;Monate;MONAT08;August;WZ08K9;WZ2008: Kfz-Handel;WZ08-451-01;Handel mit Kraftwagen (ohne Reparatur von Kfz und ohne Tankstellen);109,6;+1,0;109,8;+0,9;108,9;+1,4
45214;Monatsstatistik im Kfz-Handel, Instandhaltung und Reparatur;JAHR;Jahr;2019;DLAND;Land;05;Nordrhein-Westfalen;MONAT;Monate;MONAT08;August;WZ08K9;WZ2008: Kfz-Handel;WZ08-4511-01;Einzelhandel mit Kraftwagen unter 3,5t, Kraftwagenteilen und -zubehör;109,4;+1,3;109,4;+1,1;109,4;+2,1
45214;Monatsstatistik im Kfz-Handel, Instandhaltung und Reparatur;JAHR;Jahr;2019;DLAND;Land;05;Nordrhein-Westfalen;MONAT;Monate;MONAT09;September;WZ08K9;WZ2008: Kfz-Handel;WZ08-45;Kfz-Handel, Instandhaltung und Reparatur von Kfz;108,9;+1,2;109,4;+1,1;107,1;+1,6
45214;Monatsstatistik im Kfz-Handel, Instandhaltung und Reparatur;JAHR;Jahr;2019;DLAND;Land;05;Nordrhein-Westfalen;MONAT;Monate;MONAT09;September;WZ08K9;WZ2008: Kfz-Handel;WZ08-451;Handel mit Kraftwagen;110,8;+1,7;111,1;+1,5;109,4;+2,5
45214;Monatsstatistik im Kfz-Handel, Instandhaltung und Reparatur;JAHR;Jahr;2019;DLAND;Land;05;Nordrhein-Westfalen;MONAT;Monate;MONAT09;September;WZ08K9;WZ2008: Kfz-Handel;WZ08-452;Instandhaltung und Reparatur von Kraftwagen;106,2;+1,2;106,8;+1,3;104,8;+1,0
45214;Monatsstatistik im Kfz-Handel, Instandhaltung und Reparatur;JAHR;Jahr;2019;DLAND;Land;05;Nordrhein-Westfalen;MONAT;Monate;MONAT09;September;WZ08K9;WZ2008: Kfz-Handel;WZ08-453;Handel m. Kraftwagenteilen und -zubehör;108,2;-0,1;108,8;-0,3;106,4;+0,9
45214;Monatsstatistik im Kfz-Handel, Instandhaltung und Reparatur;JAHR;Jahr;2019;DLAND;Land;05;Nordrhein-Westfalen;MONAT;Monate;MONAT09;September;WZ08K9;WZ2008: Kfz-Handel;WZ08-454;H. m.Krädern, Teilen u. Zubeh., Instandh. u. Rep.;113,1;+3,9;113,6;+3,7;112,3;+4,3
45214;Monatsstatistik im Kfz-Handel, Instandhaltung und Reparatur;JAHR;Jahr;2019;DLAND;Land;05;Nordrhein-Westfalen;MONAT;Monate;MONAT09;September;WZ08K9;WZ2008: Kfz-Handel;WZ08-451-01;Handel mit Kraftwagen (ohne Reparatur von Kfz und ohne Tankstellen);110,2;+1,3;110,6;+1,1;108,7;+2,1
45214;Monatsstatistik im Kfz-Handel, Instandhaltung und Reparatur;JAHR;Jahr;2019;DLAND;Land;05;Nordrhein-Westfalen;MONAT;Monate;MONAT09;September;WZ08K9;WZ2008: Kfz-Handel;WZ08-4511-01;Einzelhandel mit Kraftwagen unter 3,5t, Kraftwagenteilen und -zubehör;110,1;+1,6;110,3;+1,4;109,3;+2,3
45214;Monatsstatistik im Kfz-Handel, Instandhaltung und Reparatur;JAHR;Jahr;2019;DLAND;Land;05;Nordrhein-Westfalen;MONAT;Monate;MONAT10;Oktober;WZ08K9;WZ2008: Kfz-Handel;WZ08-45;Kfz-Handel, Instandhaltung und Reparatur von Kfz;109,0;+1,3;109,4;+1,1;107,4;+1,5
45214;Monatsstatistik im Kfz-Handel, Instandhaltung und Reparatur;JAHR;Jahr;2019;DLAND;Land;05;Nordrhein-Westfalen;MONAT;Monate;MONAT10;Oktober;WZ08K9;WZ2008: Kfz-Handel;WZ08-451;Handel mit Kraftwagen;110,6;+1,5;110,8;+1,2;109,3;+2,3
45214;Monatsstatistik im Kfz-Handel, Instandhaltung und Reparatur;JAHR;Jahr;2019;DLAND;Land;05;Nordrhein-Westfalen;MONAT;Monate;MONAT10;Oktober;WZ08K9;WZ2008: Kfz-Handel;WZ08-452;Instandhaltung und Reparatur von Kraftwagen;106,3;+1,4;106,8;+1,6;105,2;+1,1
45214;Monatsstatistik im Kfz-Handel, Instandhaltung und Reparatur;JAHR;Jahr;2019;DLAND;Land;05;Nordrhein-Westfalen;MONAT;Monate;MONAT10;Oktober;WZ08K9;WZ2008: Kfz-Handel;WZ08-453;Handel m. Kraftwagenteilen und -zubehör;109,1;+0,1;109,6;0,0;107,7;+0,7
45214;Monatsstatistik im Kfz-Handel, Instandhaltung und Reparatur;JAHR;Jahr;2019;DLAND;Land;05;Nordrhein-Westfalen;MONAT;Monate;MONAT10;Oktober;WZ08K9;WZ2008: Kfz-Handel;WZ08-454;H. m.Krädern, Teilen u. Zubeh., Instandh. u. Rep.;112,5;+4,5;113,0;+4,1;111,5;+5,2
45214;Monatsstatistik im Kfz-Handel, Instandhaltung und Reparatur;JAHR;Jahr;2019;DLAND;Land;05;Nordrhein-Westfalen;MONAT;Monate;MONAT10;Oktober;WZ08K9;WZ2008: Kfz-Handel;WZ08-451-01;Handel mit Kraftwagen (ohne Reparatur von Kfz und ohne Tankstellen);110,3;+1,2;110,6;+1,0;109,0;+2,0
45214;Monatsstatistik im Kfz-Handel, Instandhaltung und Reparatur;JAHR;Jahr;2019;DLAND;Land;05;Nordrhein-Westfalen;MONAT;Monate;MONAT10;Oktober;WZ08K9;WZ2008: Kfz-Handel;WZ08-4511-01;Einzelhandel mit Kraftwagen unter 3,5t, Kraftwagenteilen und -zubehör;110,2;+1,5;110,3;+1,2;109,7;+2,1
45214;Monatsstatistik im Kfz-Handel, Instandhaltung und Reparatur;JAHR;Jahr;2019;DLAND;Land;05;Nordrhein-Westfalen;MONAT;Monate;MONAT11;November;WZ08K9;WZ2008: Kfz-Handel;WZ08-45;Kfz-Handel, Instandhaltung und Reparatur von Kfz;108,9;+1,2;109,3;+1,0;107,5;+1,5
45214;Monatsstatistik im Kfz-Handel, Instandhaltung und Reparatur;JAHR;Jahr;2019;DLAND;Land;05;Nordrhein-Westfalen;MONAT;Monate;MONAT11;November;WZ08K9;WZ2008: Kfz-Handel;WZ08-451;Handel mit Kraftwagen;110,6;+1,5;110,9;+1,2;109,4;+2,5
45214;Monatsstatistik im Kfz-Handel, Instandhaltung und Reparatur;JAHR;Jahr;2019;DLAND;Land;05;Nordrhein-Westfalen;MONAT;Monate;MONAT11;November;WZ08K9;WZ2008: Kfz-Handel;WZ08-452;Instandhaltung und Reparatur von Kraftwagen;106,1;+1,2;106,4;+1,4;105,4;+0,8
45214;Monatsstatistik im Kfz-Handel, Instandhaltung und Reparatur;JAHR;Jahr;2019;DLAND;Land;05;Nordrhein-Westfalen;MONAT;Monate;MONAT11;November;WZ08K9;WZ2008: Kfz-Handel;WZ08-453;Handel m. Kraftwagenteilen und -zubehör;109,1;0,0;109,4;-0,4;108,0;+1,0
45214;Monatsstatistik im Kfz-Handel, Instandhaltung und Reparatur;JAHR;Jahr;2019;DLAND;Land;05;Nordrhein-Westfalen;MONAT;Monate;MONAT11;November;WZ08K9;WZ2008: Kfz-Handel;WZ08-454;H. m.Krädern, Teilen u. Zubeh., Instandh. u. Rep.;110,7;+3,1;111,8;+3,0;108,6;+3,3
45214;Monatsstatistik im Kfz-Handel, Instandhaltung und Reparatur;JAHR;Jahr;2019;DLAND;Land;05;Nordrhein-Westfalen;MONAT;Monate;MONAT11;November;WZ08K9;WZ2008: Kfz-Handel;WZ08-451-01;Handel mit Kraftwagen (ohne Reparatur von Kfz und ohne Tankstellen);110,2;+1,1;110,5;+0,8;109,0;+2,2
45214;Monatsstatistik im Kfz-Handel, Instandhaltung und Reparatur;JAHR;Jahr;2019;DLAND;Land;05;Nordrhein-Westfalen;MONAT;Monate;MONAT11;November;WZ08K9;WZ2008: Kfz-Handel;WZ08-4511-01;Einzelhandel mit Kraftwagen unter 3,5t, Kraftwagenteilen und -zubehör;110,2;+1,5;110,2;+1,1;109,9;+2,4
45214;Monatsstatistik im Kfz-Handel, Instandhaltung und Reparatur;JAHR;Jahr;2019;DLAND;Land;05;Nordrhein-Westfalen;MONAT;Monate;MONAT12;Dezember;WZ08K9;WZ2008: Kfz-Handel;WZ08-45;Kfz-Handel, Instandhaltung und Reparatur von Kfz;108,4;+1,1;108,7;+0,9;107,3;+1,7
45214;Monatsstatistik im Kfz-Handel, Instandhaltung und Reparatur;JAHR;Jahr;2019;DLAND;Land;05;Nordrhein-Westfalen;MONAT;Monate;MONAT12;Dezember;WZ08K9;WZ2008: Kfz-Handel;WZ08-451;Handel mit Kraftwagen;110,2;+1,4;110,4;+1,1;109,4;+2,5
45214;Monatsstatistik im Kfz-Handel, Instandhaltung und Reparatur;JAHR;Jahr;2019;DLAND;Land;05;Nordrhein-Westfalen;MONAT;Monate;MONAT12;Dezember;WZ08K9;WZ2008: Kfz-Handel;WZ08-452;Instandhaltung und Reparatur von Kraftwagen;105,4;+1,1;105,5;+1,2;105,2;+1,1
45214;Monatsstatistik im Kfz-Handel, Instandhaltung und Reparatur;JAHR;Jahr;2019;DLAND;Land;05;Nordrhein-Westfalen;MONAT;Monate;MONAT12;Dezember;WZ08K9;WZ2008: Kfz-Handel;WZ08-453;Handel m. Kraftwagenteilen und -zubehör;108,3;-0,1;108,9;-0,2;106,7;+0,6
45214;Monatsstatistik im Kfz-Handel, Instandhaltung und Reparatur;JAHR;Jahr;2019;DLAND;Land;05;Nordrhein-Westfalen;MONAT;Monate;MONAT12;Dezember;WZ08K9;WZ2008: Kfz-Handel;WZ08-454;H. m.Krädern, Teilen u. Zubeh., Instandh. u. Rep.;111,3;+4,2;111,6;+3,4;110,8;+5,9
45214;Monatsstatistik im Kfz-Handel, Instandhaltung und Reparatur;JAHR;Jahr;2019;DLAND;Land;05;Nordrhein-Westfalen;MONAT;Monate;MONAT12;Dezember;WZ08K9;WZ2008: Kfz-Handel;WZ08-451-01;Handel mit Kraftwagen (ohne Reparatur von Kfz und ohne Tankstellen);109,8;+1,1;110,1;+0,8;108,7;+2,1
45214;Monatsstatistik im Kfz-Handel, Instandhaltung und Reparatur;JAHR;Jahr;2019;DLAND;Land;05;Nordrhein-Westfalen;MONAT;Monate;MONAT12;Dezember;WZ08K9;WZ2008: Kfz-Handel;WZ08-4511-01;Einzelhandel mit Kraftwagen unter 3,5t, Kraftwagenteilen und -zubehör;109,7;+1,4;109,8;+1,3;109,7;+2,4
45214;Monatsstatistik im Kfz-Handel, Instandhaltung und Reparatur;JAHR;Jahr;2018;DLAND;Land;05;Nordrhein-Westfalen;MONAT;Monate;MONAT01;Januar;WZ08K9;WZ2008: Kfz-Handel;WZ08-45;Kfz-Handel, Instandhaltung und Reparatur von Kfz;104,9;+1,5;105,1;+1,4;104,3;+1,8
45214;Monatsstatistik im Kfz-Handel, Instandhaltung und Reparatur;JAHR;Jahr;2018;DLAND;Land;05;Nordrhein-Westfalen;MONAT;Monate;MONAT01;Januar;WZ08K9;WZ2008: Kfz-Handel;WZ08-451;Handel mit Kraftwagen;106,5;+2,2;106,6;+2,0;105,6;+2,9
45214;Monatsstatistik im Kfz-Handel, Instandhaltung und Reparatur;JAHR;Jahr;2018;DLAND;Land;05;Nordrhein-Westfalen;MONAT;Monate;MONAT01;Januar;WZ08K9;WZ2008: Kfz-Handel;WZ08-452;Instandhaltung und Reparatur von Kraftwagen;102,6;+0,6;102,5;+0,2;102,7;+1,2
45214;Monatsstatistik im Kfz-Handel, Instandhaltung und Reparatur;JAHR;Jahr;2018;DLAND;Land;05;Nordrhein-Westfalen;MONAT;Monate;MONAT01;Januar;WZ08K9;WZ2008: Kfz-Handel;WZ08-453;Handel m. Kraftwagenteilen und -zubehör;105,1;+1,7;105,0;+1,9;105,5;+1,1
45214;Monatsstatistik im Kfz-Handel, Instandhaltung und Reparatur;JAHR;Jahr;2018;DLAND;Land;05;Nordrhein-Westfalen;MONAT;Monate;MONAT01;Januar;WZ08K9;WZ2008: Kfz-Handel;WZ08-454;H. m.Krädern, Teilen u. Zubeh., Instandh. u. Rep.;103,7;-1,3;104,8;-0,9;101,3;-2,2
45214;Monatsstatistik im Kfz-Handel, Instandhaltung und Reparatur;JAHR;Jahr;2018;DLAND;Land;05;Nordrhein-Westfalen;MONAT;Monate;MONAT01;Januar;WZ08K9;WZ2008: Kfz-Handel;WZ08-451-01;Handel mit Kraftwagen (ohne Reparatur von Kfz und ohne Tankstellen);106,1;+2,0;106,2;+1,9;105,5;+2,2
45214;Monatsstatistik im Kfz-Handel, Instandhaltung und Reparatur;JAHR;Jahr;2018;DLAND;Land;05;Nordrhein-Westfalen;MONAT;Monate;MONAT01;Januar;WZ08K9;WZ2008: Kfz-Handel;WZ08-4511-01;Einzelhandel mit Kraftwagen unter 3,5t, Kraftwagenteilen und -zubehör;106,0;+2,2;106,1;+2,1;105,9;+2,9
45214;Monatsstatistik im Kfz-Handel, Instandhaltung und Reparatur;JAHR;Jahr;2018;DLAND;Land;05;Nordrhein-Westfalen;MONAT;Monate;MONAT02;Februar;WZ08K9;WZ2008: Kfz-Handel;WZ08-45;Kfz-Handel, Instandhaltung und Reparatur von Kfz;104,9;+1,5;105,0;+1,4;104,7;+1,8
45214;Monatsstatistik im Kfz-Handel, Instandhaltung und Reparatur;JAHR;Jahr;2018;DLAND;Land;05;Nordrhein-Westfalen;MONAT;Monate;MONAT02;Februar;WZ08K9;WZ2008: Kfz-Handel;WZ08-451;Handel mit Kraftwagen;106,3;+2,0;106,3;+1,8;106,2;+3,0
45214;Monatsstatistik im Kfz-Handel, Instandhaltung und Reparatur;JAHR;Jahr;2018;DLAND;Land;05;Nordrhein-Westfalen;MONAT;Monate;MONAT02;Februar;WZ08K9;WZ2008: Kfz-Handel;WZ08-452;Instandhaltung und Reparatur von Kraftwagen;102,4;+0,5;102,4;+0,4;102,5;+0,8
45214;Monatsstatistik im Kfz-Handel, Instandhaltung und Reparatur;JAHR;Jahr;2018;DLAND;Land;05;Nordrhein-Westfalen;MONAT;Monate;MONAT02;Februar;WZ08K9;WZ2008: Kfz-Handel;WZ08-453;Handel m. Kraftwagenteilen und -zubehör;106,0;+2,5;105,9;+2,8;106,7;+1,9
45214;Monatsstatistik im Kfz-Handel, Instandhaltung und Reparatur;JAHR;Jahr;2018;DLAND;Land;05;Nordrhein-Westfalen;MONAT;Monate;MONAT02;Februar;WZ08K9;WZ2008: Kfz-Handel;WZ08-454;H. m.Krädern, Teilen u. Zubeh., Instandh. u. Rep.;103,9;-1,7;105,0;-1,4;101,7;-2,4
45214;Monatsstatistik im Kfz-Handel, Instandhaltung und Reparatur;JAHR;Jahr;2018;DLAND;Land;05;Nordrhein-Westfalen;MONAT;Monate;MONAT02;Februar;WZ08K9;WZ2008: Kfz-Handel;WZ08-451-01;Handel mit Kraftwagen (ohne Reparatur von Kfz und ohne Tankstellen);106,2;+2,0;106,2;+1,9;106,2;+2,4
45214;Monatsstatistik im Kfz-Handel, Instandhaltung und Reparatur;JAHR;Jahr;2018;DLAND;Land;05;Nordrhein-Westfalen;MONAT;Monate;MONAT02;Februar;WZ08K9;WZ2008: Kfz-Handel;WZ08-4511-01;Einzelhandel mit Kraftwagen unter 3,5t, Kraftwagenteilen und -zubehör;105,8;+1,9;105,7;+1,7;106,4;+2,8
45214;Monatsstatistik im Kfz-Handel, Instandhaltung und Reparatur;JAHR;Jahr;2018;DLAND;Land;05;Nordrhein-Westfalen;MONAT;Monate;MONAT03;März;WZ08K9;WZ2008: Kfz-Handel;WZ08-45;Kfz-Handel, Instandhaltung und Reparatur von Kfz;105,0;+1,4;105,0;+1,3;105,0;+1,4
45214;Monatsstatistik im Kfz-Handel, Instandhaltung und Reparatur;JAHR;Jahr;2018;DLAND;Land;05;Nordrhein-Westfalen;MONAT;Monate;MONAT03;März;WZ08K9;WZ2008: Kfz-Handel;WZ08-451;Handel mit Kraftwagen;106,2;+1,9;106,2;+1,6;106,3;+3,0
45214;Monatsstatistik im Kfz-Handel, Instandhaltung und Reparatur;JAHR;Jahr;2018;DLAND;Land;05;Nordrhein-Westfalen;MONAT;Monate;MONAT03;März;WZ08K9;WZ2008: Kfz-Handel;WZ08-452;Instandhaltung und Reparatur von Kraftwagen;102,4;+0,2;102,2;-;102,8;+0,4
45214;Monatsstatistik im Kfz-Handel, Instandhaltung und Reparatur;JAHR;Jahr;2018;DLAND;Land;05;Nordrhein-Westfalen;MONAT;Monate;MONAT03;März;WZ08K9;WZ2008: Kfz-Handel;WZ08-453;Handel m. Kraftwagenteilen und -zubehör;106,6;+2,1;106,4;+2,5;107,6;+1,3
45214;Monatsstatistik im Kfz-Handel, Instandhaltung und Reparatur;JAHR;Jahr;2018;DLAND;Land;05;Nordrhein-Westfalen;MONAT;Monate;MONAT03;März;WZ08K9;WZ2008: Kfz-Handel;WZ08-454;H. m.Krädern, Teilen u. Zubeh., Instandh. u. Rep.;105,2;-1,1;105,8;-1,0;103,9;-1,5
45214;Monatsstatistik im Kfz-Handel, Instandhaltung und Reparatur;JAHR;Jahr;2018;DLAND;Land;05;Nordrhein-Westfalen;MONAT;Monate;MONAT03;März;WZ08K9;WZ2008: Kfz-Handel;WZ08-451-01;Handel mit Kraftwagen (ohne Reparatur von Kfz und ohne Tankstellen);106,3;+1,9;106,2;+1,7;106,6;+2,3
45214;Monatsstatistik im Kfz-Handel, Instandhaltung und Reparatur;JAHR;Jahr;2018;DLAND;Land;05;Nordrhein-Westfalen;MONAT;Monate;MONAT03;März;WZ08K9;WZ2008: Kfz-Handel;WZ08-4511-01;Einzelhandel mit Kraftwagen unter 3,5t, Kraftwagenteilen und -zubehör;105,9;+1,8;105,7;+1,5;106,6;+2,6
45214;Monatsstatistik im Kfz-Handel, Instandhaltung und Reparatur;JAHR;Jahr;2018;DLAND;Land;05;Nordrhein-Westfalen;MONAT;Monate;MONAT04;April;WZ08K9;WZ2008: Kfz-Handel;WZ08-45;Kfz-Handel, Instandhaltung und Reparatur von Kfz;105,2;+1,5;105,0;+1,4;105,6;+1,6
45214;Monatsstatistik im Kfz-Handel, Instandhaltung und Reparatur;JAHR;Jahr;2018;DLAND;Land;05;Nordrhein-Westfalen;MONAT;Monate;MONAT04;April;WZ08K9;WZ2008: Kfz-Handel;WZ08-451;Handel mit Kraftwagen;106,4;+2,0;106,3;+1,8;106,5;+2,5
45214;Monatsstatistik im Kfz-Handel, Instandhaltung und Reparatur;JAHR;Jahr;2018;DLAND;Land;05;Nordrhein-Westfalen;MONAT;Monate;MONAT04;April;WZ08K9;WZ2008: Kfz-Handel;WZ08-452;Instandhaltung und Reparatur von Kraftwagen;102,3;+0,5;101,9;+0,4;103,3;+0,8
45214;Monatsstatistik im Kfz-Handel, Instandhaltung und Reparatur;JAHR;Jahr;2018;DLAND;Land;05;Nordrhein-Westfalen;MONAT;Monate;MONAT04;April;WZ08K9;WZ2008: Kfz-Handel;WZ08-453;Handel m. Kraftwagenteilen und -zubehör;107,0;+2,1;106,6;+2,3;108,2;+1,1
45214;Monatsstatistik im Kfz-Handel, Instandhaltung und Reparatur;JAHR;Jahr;2018;DLAND;Land;05;Nordrhein-Westfalen;MONAT;Monate;MONAT04;April;WZ08K9;WZ2008: Kfz-Handel;WZ08-454;H. m.Krädern, Teilen u. Zubeh., Instandh. u. Rep.;106,9;-;106,3;-1,2;108,4;+2,9
45214;Monatsstatistik im Kfz-Handel, Instandhaltung und Reparatur;JAHR;Jahr;2018;DLAND;Land;05;Nordrhein-Westfalen;MONAT;Monate;MONAT04;April;WZ08K9;WZ2008: Kfz-Handel;WZ08-451-01;Handel mit Kraftwagen (ohne Reparatur von Kfz und ohne Tankstellen);106,6;+2,0;106,4;+1,9;107,1;+2,1
45214;Monatsstatistik im Kfz-Handel, Instandhaltung und Reparatur;JAHR;Jahr;2018;DLAND;Land;05;Nordrhein-Westfalen;MONAT;Monate;MONAT04;April;WZ08K9;WZ2008: Kfz-Handel;WZ08-4511-01;Einzelhandel mit Kraftwagen unter 3,5t, Kraftwagenteilen und -zubehör;106,1;+1,7;105,9;+1,7;107,1;+2,2
45214;Monatsstatistik im Kfz-Handel, Instandhaltung und Reparatur;JAHR;Jahr;2018;DLAND;Land;05;Nordrhein-Westfalen;MONAT;Monate;MONAT05;Mai;WZ08K9;WZ2008: Kfz-Handel;WZ08-45;Kfz-Handel, Instandhaltung und Reparatur von Kfz;105,1;+1,4;104,9;+1,5;105,8;+1,3
45214;Monatsstatistik im Kfz-Handel, Instandhaltung und Reparatur;JAHR;Jahr;2018;DLAND;Land;05;Nordrhein-Westfalen;MONAT;Monate;MONAT05;Mai;WZ08K9;WZ2008: Kfz-Handel;WZ08-451;Handel mit Kraftwagen;106,2;+1,8;106,1;+1,8;106,3;+1,8
45214;Monatsstatistik im Kfz-Handel, Instandhaltung und Reparatur;JAHR;Jahr;2018;DLAND;Land;05;Nordrhein-Westfalen;MONAT;Monate;MONAT05;Mai;WZ08K9;WZ2008: Kfz-Handel;WZ08-452;Instandhaltung und Reparatur von Kraftwagen;102,4;+0,5;101,7;+0,3;104,0;+0,8
45214;Monatsstatistik im Kfz-Handel, Instandhaltung und Reparatur;JAHR;Jahr;2018;DLAND;Land;05;Nordrhein-Westfalen;MONAT;Monate;MONAT05;Mai;WZ08K9;WZ2008: Kfz-Handel;WZ08-453;Handel m. Kraftwagenteilen und -zubehör;106,8;+2,0;106,5;+2,4;108,1;+1,0
45214;Monatsstatistik im Kfz-Handel, Instandhaltung und Reparatur;JAHR;Jahr;2018;DLAND;Land;05;Nordrhein-Westfalen;MONAT;Monate;MONAT05;Mai;WZ08K9;WZ2008: Kfz-Handel;WZ08-454;H. m.Krädern, Teilen u. Zubeh., Instandh. u. Rep.;107,1;-0,1;106,2;-1,7;109,1;+3,6
45214;Monatsstatistik im Kfz-Handel, Instandhaltung und Reparatur;JAHR;Jahr;2018;DLAND;Land;05;Nordrhein-Westfalen;MONAT;Monate;MONAT05;Mai;WZ08K9;WZ2008: Kfz-Handel;WZ08-451-01;Handel mit Kraftwagen (ohne Reparatur von Kfz und ohne Tankstellen);106,4;+1,8;106,2;+1,8;107,0;+1,7
45214;Monatsstatistik im Kfz-Handel, Instandhaltung und Reparatur;JAHR;Jahr;2018;DLAND;Land;05;Nordrhein-Westfalen;MONAT;Monate;MONAT05;Mai;WZ08K9;WZ2008: Kfz-Handel;WZ08-4511-01;Einzelhandel mit Kraftwagen unter 3,5t, Kraftwagenteilen und -zubehör;105,9;+1,6;105,7;+1,6;107,0;+1,9
45214;Monatsstatistik im Kfz-Handel, Instandhaltung und Reparatur;JAHR;Jahr;2018;DLAND;Land;05;Nordrhein-Westfalen;MONAT;Monate;MONAT06;Juni;WZ08K9;WZ2008: Kfz-Handel;WZ08-45;Kfz-Handel, Instandhaltung und Reparatur von Kfz;105,0;+1,3;104,6;+1,4;106,3;+0,9
45214;Monatsstatistik im Kfz-Handel, Instandhaltung und Reparatur;JAHR;Jahr;2018;DLAND;Land;05;Nordrhein-Westfalen;MONAT;Monate;MONAT06;Juni;WZ08K9;WZ2008: Kfz-Handel;WZ08-451;Handel mit Kraftwagen;106,0;+1,4;105,8;+1,6;106,6;+0,7
45214;Monatsstatistik im Kfz-Handel, Instandhaltung und Reparatur;JAHR;Jahr;2018;DLAND;Land;05;Nordrhein-Westfalen;MONAT;Monate;MONAT06;Juni;WZ08K9;WZ2008: Kfz-Handel;WZ08-452;Instandhaltung und Reparatur von Kraftwagen;102,2;+0,3;101,4;+0,3;104,3;+0,4
45214;Monatsstatistik im Kfz-Handel, Instandhaltung und Reparatur;JAHR;Jahr;2018;DLAND;Land;05;Nordrhein-Westfalen;MONAT;Monate;MONAT06;Juni;WZ08K9;WZ2008: Kfz-Handel;WZ08-453;Handel m. Kraftwagenteilen und -zubehör;106,9;+2,4;106,3;+2,6;109,1;+1,9
45214;Monatsstatistik im Kfz-Handel, Instandhaltung und Reparatur;JAHR;Jahr;2018;DLAND;Land;05;Nordrhein-Westfalen;MONAT;Monate;MONAT06;Juni;WZ08K9;WZ2008: Kfz-Handel;WZ08-454;H. m.Krädern, Teilen u. Zubeh., Instandh. u. Rep.;108,7;+1,0;106,7;-1,4;113,0;+6,2
45214;Monatsstatistik im Kfz-Handel, Instandhaltung und Reparatur;JAHR;Jahr;2018;DLAND;Land;05;Nordrhein-Westfalen;MONAT;Monate;MONAT06;Juni;WZ08K9;WZ2008: Kfz-Handel;WZ08-451-01;Handel mit Kraftwagen (ohne Reparatur von Kfz und ohne Tankstellen);106,3;+1,7;106,0;+1,8;107,6;+1,2
45214;Monatsstatistik im Kfz-Handel, Instandhaltung und Reparatur;JAHR;Jahr;2018;DLAND;Land;05;Nordrhein-Westfalen;MONAT;Monate;MONAT06;Juni;WZ08K9;WZ2008: Kfz-Handel;WZ08-4511-01;Einzelhandel mit Kraftwagen unter 3,5t, Kraftwagenteilen und -zubehör;105,7;+1,3;105,3;+1,5;107,2;+0,8
45214;Monatsstatistik im Kfz-Handel, Instandhaltung und Reparatur;JAHR;Jahr;2018;DLAND;Land;05;Nordrhein-Westfalen;MONAT;Monate;MONAT07;Juli;WZ08K9;WZ2008: Kfz-Handel;WZ08-45;Kfz-Handel, Instandhaltung und Reparatur von Kfz;104,8;+1,3;104,3;+1,4;106,4;+0,9
45214;Monatsstatistik im Kfz-Handel, Instandhaltung und Reparatur;JAHR;Jahr;2018;DLAND;Land;05;Nordrhein-Westfalen;MONAT;Monate;MONAT07;Juli;WZ08K9;WZ2008: Kfz-Handel;WZ08-451;Handel mit Kraftwagen;105,7;+1,1;105,5;+1,3;106,5;+0,5
45214;Monatsstatistik im Kfz-Handel, Instandhaltung und Reparatur;JAHR;Jahr;2018;DLAND;Land;05;Nordrhein-Westfalen;MONAT;Monate;MONAT07;Juli;WZ08K9;WZ2008: Kfz-Handel;WZ08-452;Instandhaltung und Reparatur von Kraftwagen;102,0;+0,5;100,8;+0,4;104,8;+0,7
45214;Monatsstatistik im Kfz-Handel, Instandhaltung und Reparatur;JAHR;Jahr;2018;DLAND;Land;05;Nordrhein-Westfalen;MONAT;Monate;MONAT07;Juli;WZ08K9;WZ2008: Kfz-Handel;WZ08-453;Handel m. Kraftwagenteilen und -zubehör;107,0;+2,6;106,3;+2,7;109,1;+1,9
45214;Monatsstatistik im Kfz-Handel, Instandhaltung und Reparatur;JAHR;Jahr;2018;DLAND;Land;05;Nordrhein-Westfalen;MONAT;Monate;MONAT07;Juli;WZ08K9;WZ2008: Kfz-Handel;WZ08-454;H. m.Krädern, Teilen u. Zubeh., Instandh. u. Rep.;108,5;+0,4;106,9;-0,8;112,0;+3,0
45214;Monatsstatistik im Kfz-Handel, Instandhaltung und Reparatur;JAHR;Jahr;2018;DLAND;Land;05;Nordrhein-Westfalen;MONAT;Monate;MONAT07;Juli;WZ08K9;WZ2008: Kfz-Handel;WZ08-451-01;Handel mit Kraftwagen (ohne Reparatur von Kfz und ohne Tankstellen);106,1;+1,5;105,7;+1,6;107,5;+0,9
45214;Monatsstatistik im Kfz-Handel, Instandhaltung und Reparatur;JAHR;Jahr;2018;DLAND;Land;05;Nordrhein-Westfalen;MONAT;Monate;MONAT07;Juli;WZ08K9;WZ2008: Kfz-Handel;WZ08-4511-01;Einzelhandel mit Kraftwagen unter 3,5t, Kraftwagenteilen und -zubehör;105,4;+1,2;104,9;+1,3;107,3;+0,9
45214;Monatsstatistik im Kfz-Handel, Instandhaltung und Reparatur;JAHR;Jahr;2018;DLAND;Land;05;Nordrhein-Westfalen;MONAT;Monate;MONAT08;August;WZ08K9;WZ2008: Kfz-Handel;WZ08-45;Kfz-Handel, Instandhaltung und Reparatur von Kfz;107,1;+1,0;107,4;+1,0;106,0;+1,0
45214;Monatsstatistik im Kfz-Handel, Instandhaltung und Reparatur;JAHR;Jahr;2018;DLAND;Land;05;Nordrhein-Westfalen;MONAT;Monate;MONAT08;August;WZ08K9;WZ2008: Kfz-Handel;WZ08-451;Handel mit Kraftwagen;108,7;+1,2;109,1;+1,2;106,7;+0,7
45214;Monatsstatistik im Kfz-Handel, Instandhaltung und Reparatur;JAHR;Jahr;2018;DLAND;Land;05;Nordrhein-Westfalen;MONAT;Monate;MONAT08;August;WZ08K9;WZ2008: Kfz-Handel;WZ08-452;Instandhaltung und Reparatur von Kraftwagen;104,2;+0,3;104,4;+0,1;103,9;+1,0
45214;Monatsstatistik im Kfz-Handel, Instandhaltung und Reparatur;JAHR;Jahr;2018;DLAND;Land;05;Nordrhein-Westfalen;MONAT;Monate;MONAT08;August;WZ08K9;WZ2008: Kfz-Handel;WZ08-453;Handel m. Kraftwagenteilen und -zubehör;107,8;+2,2;107,6;+2,4;108,4;+1,4
45214;Monatsstatistik im Kfz-Handel, Instandhaltung und Reparatur;JAHR;Jahr;2018;DLAND;Land;05;Nordrhein-Westfalen;MONAT;Monate;MONAT08;August;WZ08K9;WZ2008: Kfz-Handel;WZ08-454;H. m.Krädern, Teilen u. Zubeh., Instandh. u. Rep.;109,6;-;109,4;-0,6;110,1;+1,5
45214;Monatsstatistik im Kfz-Handel, Instandhaltung und Reparatur;JAHR;Jahr;2018;DLAND;Land;05;Nordrhein-Westfalen;MONAT;Monate;MONAT08;August;WZ08K9;WZ2008: Kfz-Handel;WZ08-451-01;Handel mit Kraftwagen (ohne Reparatur von Kfz und ohne Tankstellen);108,5;+1,4;108,8;+1,5;107,4;+0,9
45214;Monatsstatistik im Kfz-Handel, Instandhaltung und Reparatur;JAHR;Jahr;2018;DLAND;Land;05;Nordrhein-Westfalen;MONAT;Monate;MONAT08;August;WZ08K9;WZ2008: Kfz-Handel;WZ08-4511-01;Einzelhandel mit Kraftwagen unter 3,5t, Kraftwagenteilen und -zubehör;108,0;+1,0;108,2;+1,0;107,1;+1,0
45214;Monatsstatistik im Kfz-Handel, Instandhaltung und Reparatur;JAHR;Jahr;2018;DLAND;Land;05;Nordrhein-Westfalen;MONAT;Monate;MONAT09;September;WZ08K9;WZ2008: Kfz-Handel;WZ08-45;Kfz-Handel, Instandhaltung und Reparatur von Kfz;107,6;+1,2;108,2;+1,4;105,4;+0,5
45214;Monatsstatistik im Kfz-Handel, Instandhaltung und Reparatur;JAHR;Jahr;2018;DLAND;Land;05;Nordrhein-Westfalen;MONAT;Monate;MONAT09;September;WZ08K9;WZ2008: Kfz-Handel;WZ08-451;Handel mit Kraftwagen;109,0;+1,3;109,5;+1,5;106,7;+0,6
45214;Monatsstatistik im Kfz-Handel, Instandhaltung und Reparatur;JAHR;Jahr;2018;DLAND;Land;05;Nordrhein-Westfalen;MONAT;Monate;MONAT09;September;WZ08K9;WZ2008: Kfz-Handel;WZ08-452;Instandhaltung und Reparatur von Kraftwagen;104,9;+0,7;105,4;+0,6;103,8;+0,8
45214;Monatsstatistik im Kfz-Handel, Instandhaltung und Reparatur;JAHR;Jahr;2018;DLAND;Land;05;Nordrhein-Westfalen;MONAT;Monate;MONAT09;September;WZ08K9;WZ2008: Kfz-Handel;WZ08-453;Handel m. Kraftwagenteilen und -zubehör;108,3;+1,9;109,1;+2,7;105,5;-1,0
45214;Monatsstatistik im Kfz-Handel, Instandhaltung und Reparatur;JAHR;Jahr;2018;DLAND;Land;05;Nordrhein-Westfalen;MONAT;Monate;MONAT09;September;WZ08K9;WZ2008: Kfz-Handel;WZ08-454;H. m.Krädern, Teilen u. Zubeh., Instandh. u. Rep.;108,9;+0,2;109,5;-0,3;107,7;+1,2
45214;Monatsstatistik im Kfz-Handel, Instandhaltung und Reparatur;JAHR;Jahr;2018;DLAND;Land;05;Nordrhein-Westfalen;MONAT;Monate;MONAT09;September;WZ08K9;WZ2008: Kfz-Handel;WZ08-451-01;Handel mit Kraftwagen (ohne Reparatur von Kfz und ohne Tankstellen);108,8;+1,4;109,4;+1,8;106,5;+0,2
45214;Monatsstatistik im Kfz-Handel, Instandhaltung und Reparatur;JAHR;Jahr;2018;DLAND;Land;05;Nordrhein-Westfalen;MONAT;Monate;MONAT09;September;WZ08K9;WZ2008: Kfz-Handel;WZ08-4511-01;Einzelhandel mit Kraftwagen unter 3,5t, Kraftwagenteilen und -zubehör;108,4;+1,2;108,8;+1,4;106,8;+0,7
45214;Monatsstatistik im Kfz-Handel, Instandhaltung und Reparatur;JAHR;Jahr;2018;DLAND;Land;05;Nordrhein-Westfalen;MONAT;Monate;MONAT10;Oktober;WZ08K9;WZ2008: Kfz-Handel;WZ08-45;Kfz-Handel, Instandhaltung und Reparatur von Kfz;107,6;+1,3;108,2;+1,5;105,8;+1,0
45214;Monatsstatistik im Kfz-Handel, Instandhaltung und Reparatur;JAHR;Jahr;2018;DLAND;Land;05;Nordrhein-Westfalen;MONAT;Monate;MONAT10;Oktober;WZ08K9;WZ2008: Kfz-Handel;WZ08-451;Handel mit Kraftwagen;109,0;+1,6;109,5;+1,8;106,8;+1,0
45214;Monatsstatistik im Kfz-Handel, Instandhaltung und Reparatur;JAHR;Jahr;2018;DLAND;Land;05;Nordrhein-Westfalen;MONAT;Monate;MONAT10;Oktober;WZ08K9;WZ2008: Kfz-Handel;WZ08-452;Instandhaltung und Reparatur von Kraftwagen;104,8;+0,6;105,1;+0,3;104,1;+1,2
45214;Monatsstatistik im Kfz-Handel, Instandhaltung und Reparatur;JAHR;Jahr;2018;DLAND;Land;05;Nordrhein-Westfalen;MONAT;Monate;MONAT10;Oktober;WZ08K9;WZ2008: Kfz-Handel;WZ08-453;Handel m. Kraftwagenteilen und -zubehör;109,0;+2,0;109,6;+2,6;107,0;-0,4
45214;Monatsstatistik im Kfz-Handel, Instandhaltung und Reparatur;JAHR;Jahr;2018;DLAND;Land;05;Nordrhein-Westfalen;MONAT;Monate;MONAT10;Oktober;WZ08K9;WZ2008: Kfz-Handel;WZ08-454;H. m.Krädern, Teilen u. Zubeh., Instandh. u. Rep.;107,7;+0,5;108,6;+0,2;106,0;+1,5
45214;Monatsstatistik im Kfz-Handel, Instandhaltung und Reparatur;JAHR;Jahr;2018;DLAND;Land;05;Nordrhein-Westfalen;MONAT;Monate;MONAT10;Oktober;WZ08K9;WZ2008: Kfz-Handel;WZ08-451-01;Handel mit Kraftwagen (ohne Reparatur von Kfz und ohne Tankstellen);109,0;+1,7;109,5;+1,9;106,9;+0,7
45214;Monatsstatistik im Kfz-Handel, Instandhaltung und Reparatur;JAHR;Jahr;2018;DLAND;Land;05;Nordrhein-Westfalen;MONAT;Monate;MONAT10;Oktober;WZ08K9;WZ2008: Kfz-Handel;WZ08-4511-01;Einzelhandel mit Kraftwagen unter 3,5t, Kraftwagenteilen und -zubehör;108,6;+1,5;109,0;+1,6;107,4;+1,3
45214;Monatsstatistik im Kfz-Handel, Instandhaltung und Reparatur;JAHR;Jahr;2018;DLAND;Land;05;Nordrhein-Westfalen;MONAT;Monate;MONAT11;November;WZ08K9;WZ2008: Kfz-Handel;WZ08-45;Kfz-Handel, Instandhaltung und Reparatur von Kfz;107,6;+1,3;108,2;+1,5;105,9;+0,8
45214;Monatsstatistik im Kfz-Handel, Instandhaltung und Reparatur;JAHR;Jahr;2018;DLAND;Land;05;Nordrhein-Westfalen;MONAT;Monate;MONAT11;November;WZ08K9;WZ2008: Kfz-Handel;WZ08-451;Handel mit Kraftwagen;109,0;+1,5;109,6;+1,8;106,7;+0,5
45214;Monatsstatistik im Kfz-Handel, Instandhaltung und Reparatur;JAHR;Jahr;2018;DLAND;Land;05;Nordrhein-Westfalen;MONAT;Monate;MONAT11;November;WZ08K9;WZ2008: Kfz-Handel;WZ08-452;Instandhaltung und Reparatur von Kraftwagen;104,8;+0,7;104,9;+0,4;104,6;+1,5
45214;Monatsstatistik im Kfz-Handel, Instandhaltung und Reparatur;JAHR;Jahr;2018;DLAND;Land;05;Nordrhein-Westfalen;MONAT;Monate;MONAT11;November;WZ08K9;WZ2008: Kfz-Handel;WZ08-453;Handel m. Kraftwagenteilen und -zubehör;109,1;+1,9;109,8;+2,5;106,9;-0,6
45214;Monatsstatistik im Kfz-Handel, Instandhaltung und Reparatur;JAHR;Jahr;2018;DLAND;Land;05;Nordrhein-Westfalen;MONAT;Monate;MONAT11;November;WZ08K9;WZ2008: Kfz-Handel;WZ08-454;H. m.Krädern, Teilen u. Zubeh., Instandh. u. Rep.;107,4;+1,3;108,5;+1,3;105,1;+1,4
45214;Monatsstatistik im Kfz-Handel, Instandhaltung und Reparatur;JAHR;Jahr;2018;DLAND;Land;05;Nordrhein-Westfalen;MONAT;Monate;MONAT11;November;WZ08K9;WZ2008: Kfz-Handel;WZ08-451-01;Handel mit Kraftwagen (ohne Reparatur von Kfz und ohne Tankstellen);109,0;+1,6;109,6;+2,0;106,7;+0,2
45214;Monatsstatistik im Kfz-Handel, Instandhaltung und Reparatur;JAHR;Jahr;2018;DLAND;Land;05;Nordrhein-Westfalen;MONAT;Monate;MONAT11;November;WZ08K9;WZ2008: Kfz-Handel;WZ08-4511-01;Einzelhandel mit Kraftwagen unter 3,5t, Kraftwagenteilen und -zubehör;108,6;+1,3;109,0;+1,5;107,3;+0,7
45214;Monatsstatistik im Kfz-Handel, Instandhaltung und Reparatur;JAHR;Jahr;2018;DLAND;Land;05;Nordrhein-Westfalen;MONAT;Monate;MONAT12;Dezember;WZ08K9;WZ2008: Kfz-Handel;WZ08-45;Kfz-Handel, Instandhaltung und Reparatur von Kfz;107,2;+1,4;107,7;+1,5;105,5;+0,9
45214;Monatsstatistik im Kfz-Handel, Instandhaltung und Reparatur;JAHR;Jahr;2018;DLAND;Land;05;Nordrhein-Westfalen;MONAT;Monate;MONAT12;Dezember;WZ08K9;WZ2008: Kfz-Handel;WZ08-451;Handel mit Kraftwagen;108,7;+1,4;109,2;+1,6;106,7;+0,7
45214;Monatsstatistik im Kfz-Handel, Instandhaltung und Reparatur;JAHR;Jahr;2018;DLAND;Land;05;Nordrhein-Westfalen;MONAT;Monate;MONAT12;Dezember;WZ08K9;WZ2008: Kfz-Handel;WZ08-452;Instandhaltung und Reparatur von Kraftwagen;104,3;+1,0;104,3;+0,7;104,1;+1,5
45214;Monatsstatistik im Kfz-Handel, Instandhaltung und Reparatur;JAHR;Jahr;2018;DLAND;Land;05;Nordrhein-Westfalen;MONAT;Monate;MONAT12;Dezember;WZ08K9;WZ2008: Kfz-Handel;WZ08-453;Handel m. Kraftwagenteilen und -zubehör;108,4;+1,9;109,1;+2,6;106,1;-0,6
45214;Monatsstatistik im Kfz-Handel, Instandhaltung und Reparatur;JAHR;Jahr;2018;DLAND;Land;05;Nordrhein-Westfalen;MONAT;Monate;MONAT12;Dezember;WZ08K9;WZ2008: Kfz-Handel;WZ08-454;H. m.Krädern, Teilen u. Zubeh., Instandh. u. Rep.;106,8;+2,0;107,9;+2,1;104,6;+1,7
45214;Monatsstatistik im Kfz-Handel, Instandhaltung und Reparatur;JAHR;Jahr;2018;DLAND;Land;05;Nordrhein-Westfalen;MONAT;Monate;MONAT12;Dezember;WZ08K9;WZ2008: Kfz-Handel;WZ08-451-01;Handel mit Kraftwagen (ohne Reparatur von Kfz und ohne Tankstellen);108,6;+1,6;109,2;+1,9;106,5;+0,4
45214;Monatsstatistik im Kfz-Handel, Instandhaltung und Reparatur;JAHR;Jahr;2018;DLAND;Land;05;Nordrhein-Westfalen;MONAT;Monate;MONAT12;Dezember;WZ08K9;WZ2008: Kfz-Handel;WZ08-4511-01;Einzelhandel mit Kraftwagen unter 3,5t, Kraftwagenteilen und -zubehör;108,2;+1,2;108,4;+1,3;107,1;+0,8
45214;Monatsstatistik im Kfz-Handel, Instandhaltung und Reparatur;JAHR;Jahr;2017;DLAND;Land;05;Nordrhein-Westfalen;MONAT;Monate;MONAT01;Januar;WZ08K9;WZ2008: Kfz-Handel;WZ08-45;Kfz-Handel, Instandhaltung und Reparatur von Kfz;103,3;.;103,6;.;102,5;.
45214;Monatsstatistik im Kfz-Handel, Instandhaltung und Reparatur;JAHR;Jahr;2017;DLAND;Land;05;Nordrhein-Westfalen;MONAT;Monate;MONAT01;Januar;WZ08K9;WZ2008: Kfz-Handel;WZ08-451;Handel mit Kraftwagen;104,2;.;104,5;.;102,6;.
45214;Monatsstatistik im Kfz-Handel, Instandhaltung und Reparatur;JAHR;Jahr;2017;DLAND;Land;05;Nordrhein-Westfalen;MONAT;Monate;MONAT01;Januar;WZ08K9;WZ2008: Kfz-Handel;WZ08-452;Instandhaltung und Reparatur von Kraftwagen;102,0;.;102,3;.;101,5;.
45214;Monatsstatistik im Kfz-Handel, Instandhaltung und Reparatur;JAHR;Jahr;2017;DLAND;Land;05;Nordrhein-Westfalen;MONAT;Monate;MONAT01;Januar;WZ08K9;WZ2008: Kfz-Handel;WZ08-453;Handel m. Kraftwagenteilen und -zubehör;103,3;.;103,0;.;104,4;.
45214;Monatsstatistik im Kfz-Handel, Instandhaltung und Reparatur;JAHR;Jahr;2017;DLAND;Land;05;Nordrhein-Westfalen;MONAT;Monate;MONAT01;Januar;WZ08K9;WZ2008: Kfz-Handel;WZ08-454;H. m.Krädern, Teilen u. Zubeh., Instandh. u. Rep.;105,1;.;105,8;.;103,6;.
45214;Monatsstatistik im Kfz-Handel, Instandhaltung und Reparatur;JAHR;Jahr;2017;DLAND;Land;05;Nordrhein-Westfalen;MONAT;Monate;MONAT01;Januar;WZ08K9;WZ2008: Kfz-Handel;WZ08-451-01;Handel mit Kraftwagen (ohne Reparatur von Kfz und ohne Tankstellen);104,0;.;104,2;.;103,2;.
45214;Monatsstatistik im Kfz-Handel, Instandhaltung und Reparatur;JAHR;Jahr;2017;DLAND;Land;05;Nordrhein-Westfalen;MONAT;Monate;MONAT01;Januar;WZ08K9;WZ2008: Kfz-Handel;WZ08-4511-01;Einzelhandel mit Kraftwagen unter 3,5t, Kraftwagenteilen und -zubehör;103,7;.;103,9;.;102,9;.
45214;Monatsstatistik im Kfz-Handel, Instandhaltung und Reparatur;JAHR;Jahr;2017;DLAND;Land;05;Nordrhein-Westfalen;MONAT;Monate;MONAT02;Februar;WZ08K9;WZ2008: Kfz-Handel;WZ08-45;Kfz-Handel, Instandhaltung und Reparatur von Kfz;103,3;.;103,5;.;102,8;.
45214;Monatsstatistik im Kfz-Handel, Instandhaltung und Reparatur;JAHR;Jahr;2017;DLAND;Land;05;Nordrhein-Westfalen;MONAT;Monate;MONAT02;Februar;WZ08K9;WZ2008: Kfz-Handel;WZ08-451;Handel mit Kraftwagen;104,2;.;104,4;.;103,1;.
45214;Monatsstatistik im Kfz-Handel, Instandhaltung und Reparatur;JAHR;Jahr;2017;DLAND;Land;05;Nordrhein-Westfalen;MONAT;Monate;MONAT02;Februar;WZ08K9;WZ2008: Kfz-Handel;WZ08-452;Instandhaltung und Reparatur von Kraftwagen;101,9;.;102,0;.;101,7;.
45214;Monatsstatistik im Kfz-Handel, Instandhaltung und Reparatur;JAHR;Jahr;2017;DLAND;Land;05;Nordrhein-Westfalen;MONAT;Monate;MONAT02;Februar;WZ08K9;WZ2008: Kfz-Handel;WZ08-453;Handel m. Kraftwagenteilen und -zubehör;103,4;.;103,0;.;104,7;.
45214;Monatsstatistik im Kfz-Handel, Instandhaltung und Reparatur;JAHR;Jahr;2017;DLAND;Land;05;Nordrhein-Westfalen;MONAT;Monate;MONAT02;Februar;WZ08K9;WZ2008: Kfz-Handel;WZ08-454;H. m.Krädern, Teilen u. Zubeh., Instandh. u. Rep.;105,7;.;106,5;.;104,2;.
45214;Monatsstatistik im Kfz-Handel, Instandhaltung und Reparatur;JAHR;Jahr;2017;DLAND;Land;05;Nordrhein-Westfalen;MONAT;Monate;MONAT02;Februar;WZ08K9;WZ2008: Kfz-Handel;WZ08-451-01;Handel mit Kraftwagen (ohne Reparatur von Kfz und ohne Tankstellen);104,1;.;104,2;.;103,7;.
45214;Monatsstatistik im Kfz-Handel, Instandhaltung und Reparatur;JAHR;Jahr;2017;DLAND;Land;05;Nordrhein-Westfalen;MONAT;Monate;MONAT02;Februar;WZ08K9;WZ2008: Kfz-Handel;WZ08-4511-01;Einzelhandel mit Kraftwagen unter 3,5t, Kraftwagenteilen und -zubehör;103,8;.;103,9;.;103,5;.
45214;Monatsstatistik im Kfz-Handel, Instandhaltung und Reparatur;JAHR;Jahr;2017;DLAND;Land;05;Nordrhein-Westfalen;MONAT;Monate;MONAT03;März;WZ08K9;WZ2008: Kfz-Handel;WZ08-45;Kfz-Handel, Instandhaltung und Reparatur von Kfz;103,6;.;103,7;.;103,5;.
45214;Monatsstatistik im Kfz-Handel, Instandhaltung und Reparatur;JAHR;Jahr;2017;DLAND;Land;05;Nordrhein-Westfalen;MONAT;Monate;MONAT03;März;WZ08K9;WZ2008: Kfz-Handel;WZ08-451;Handel mit Kraftwagen;104,2;.;104,5;.;103,2;.
45214;Monatsstatistik im Kfz-Handel, Instandhaltung und Reparatur;JAHR;Jahr;2017;DLAND;Land;05;Nordrhein-Westfalen;MONAT;Monate;MONAT03;März;WZ08K9;WZ2008: Kfz-Handel;WZ08-452;Instandhaltung und Reparatur von Kraftwagen;102,2;.;102,2;.;102,4;.
45214;Monatsstatistik im Kfz-Handel, Instandhaltung und Reparatur;JAHR;Jahr;2017;DLAND;Land;05;Nordrhein-Westfalen;MONAT;Monate;MONAT03;März;WZ08K9;WZ2008: Kfz-Handel;WZ08-453;Handel m. Kraftwagenteilen und -zubehör;104,4;.;103,8;.;106,2;.
45214;Monatsstatistik im Kfz-Handel, Instandhaltung und Reparatur;JAHR;Jahr;2017;DLAND;Land;05;Nordrhein-Westfalen;MONAT;Monate;MONAT03;März;WZ08K9;WZ2008: Kfz-Handel;WZ08-454;H. m.Krädern, Teilen u. Zubeh., Instandh. u. Rep.;106,4;.;106,9;.;105,5;.
45214;Monatsstatistik im Kfz-Handel, Instandhaltung und Reparatur;JAHR;Jahr;2017;DLAND;Land;05;Nordrhein-Westfalen;MONAT;Monate;MONAT03;März;WZ08K9;WZ2008: Kfz-Handel;WZ08-451-01;Handel mit Kraftwagen (ohne Reparatur von Kfz und ohne Tankstellen);104,3;.;104,4;.;104,2;.
45214;Monatsstatistik im Kfz-Handel, Instandhaltung und Reparatur;JAHR;Jahr;2017;DLAND;Land;05;Nordrhein-Westfalen;MONAT;Monate;MONAT03;März;WZ08K9;WZ2008: Kfz-Handel;WZ08-4511-01;Einzelhandel mit Kraftwagen unter 3,5t, Kraftwagenteilen und -zubehör;104,0;.;104,1;.;103,9;.
45214;Monatsstatistik im Kfz-Handel, Instandhaltung und Reparatur;JAHR;Jahr;2017;DLAND;Land;05;Nordrhein-Westfalen;MONAT;Monate;MONAT04;April;WZ08K9;WZ2008: Kfz-Handel;WZ08-45;Kfz-Handel, Instandhaltung und Reparatur von Kfz;103,6;.;103,5;.;103,9;.
45214;Monatsstatistik im Kfz-Handel, Instandhaltung und Reparatur;JAHR;Jahr;2017;DLAND;Land;05;Nordrhein-Westfalen;MONAT;Monate;MONAT04;April;WZ08K9;WZ2008: Kfz-Handel;WZ08-451;Handel mit Kraftwagen;104,3;.;104,4;.;103,9;.
45214;Monatsstatistik im Kfz-Handel, Instandhaltung und Reparatur;JAHR;Jahr;2017;DLAND;Land;05;Nordrhein-Westfalen;MONAT;Monate;MONAT04;April;WZ08K9;WZ2008: Kfz-Handel;WZ08-452;Instandhaltung und Reparatur von Kraftwagen;101,8;.;101,5;.;102,5;.
45214;Monatsstatistik im Kfz-Handel, Instandhaltung und Reparatur;JAHR;Jahr;2017;DLAND;Land;05;Nordrhein-Westfalen;MONAT;Monate;MONAT04;April;WZ08K9;WZ2008: Kfz-Handel;WZ08-453;Handel m. Kraftwagenteilen und -zubehör;104,8;.;104,2;.;107,0;.
45214;Monatsstatistik im Kfz-Handel, Instandhaltung und Reparatur;JAHR;Jahr;2017;DLAND;Land;05;Nordrhein-Westfalen;MONAT;Monate;MONAT04;April;WZ08K9;WZ2008: Kfz-Handel;WZ08-454;H. m.Krädern, Teilen u. Zubeh., Instandh. u. Rep.;106,9;.;107,6;.;105,3;.
45214;Monatsstatistik im Kfz-Handel, Instandhaltung und Reparatur;JAHR;Jahr;2017;DLAND;Land;05;Nordrhein-Westfalen;MONAT;Monate;MONAT04;April;WZ08K9;WZ2008: Kfz-Handel;WZ08-451-01;Handel mit Kraftwagen (ohne Reparatur von Kfz und ohne Tankstellen);104,5;.;104,4;.;104,9;.
45214;Monatsstatistik im Kfz-Handel, Instandhaltung und Reparatur;JAHR;Jahr;2017;DLAND;Land;05;Nordrhein-Westfalen;MONAT;Monate;MONAT04;April;WZ08K9;WZ2008: Kfz-Handel;WZ08-4511-01;Einzelhandel mit Kraftwagen unter 3,5t, Kraftwagenteilen und -zubehör;104,3;.;104,1;.;104,8;.
45214;Monatsstatistik im Kfz-Handel, Instandhaltung und Reparatur;JAHR;Jahr;2017;DLAND;Land;05;Nordrhein-Westfalen;MONAT;Monate;MONAT05;Mai;WZ08K9;WZ2008: Kfz-Handel;WZ08-45;Kfz-Handel, Instandhaltung und Reparatur von Kfz;103,6;.;103,4;.;104,4;.
45214;Monatsstatistik im Kfz-Handel, Instandhaltung und Reparatur;JAHR;Jahr;2017;DLAND;Land;05;Nordrhein-Westfalen;MONAT;Monate;MONAT05;Mai;WZ08K9;WZ2008: Kfz-Handel;WZ08-451;Handel mit Kraftwagen;104,3;.;104,2;.;104,4;.
45214;Monatsstatistik im Kfz-Handel, Instandhaltung und Reparatur;JAHR;Jahr;2017;DLAND;Land;05;Nordrhein-Westfalen;MONAT;Monate;MONAT05;Mai;WZ08K9;WZ2008: Kfz-Handel;WZ08-452;Instandhaltung und Reparatur von Kraftwagen;101,9;.;101,4;.;103,2;.
45214;Monatsstatistik im Kfz-Handel, Instandhaltung und Reparatur;JAHR;Jahr;2017;DLAND;Land;05;Nordrhein-Westfalen;MONAT;Monate;MONAT05;Mai;WZ08K9;WZ2008: Kfz-Handel;WZ08-453;Handel m. Kraftwagenteilen und -zubehör;104,7;.;104,0;.;107,0;.
45214;Monatsstatistik im Kfz-Handel, Instandhaltung und Reparatur;JAHR;Jahr;2017;DLAND;Land;05;Nordrhein-Westfalen;MONAT;Monate;MONAT05;Mai;WZ08K9;WZ2008: Kfz-Handel;WZ08-454;H. m.Krädern, Teilen u. Zubeh., Instandh. u. Rep.;107,2;.;108,0;.;105,3;.
45214;Monatsstatistik im Kfz-Handel, Instandhaltung und Reparatur;JAHR;Jahr;2017;DLAND;Land;05;Nordrhein-Westfalen;MONAT;Monate;MONAT05;Mai;WZ08K9;WZ2008: Kfz-Handel;WZ08-451-01;Handel mit Kraftwagen (ohne Reparatur von Kfz und ohne Tankstellen);104,5;.;104,3;.;105,2;.
45214;Monatsstatistik im Kfz-Handel, Instandhaltung und Reparatur;JAHR;Jahr;2017;DLAND;Land;05;Nordrhein-Westfalen;MONAT;Monate;MONAT05;Mai;WZ08K9;WZ2008: Kfz-Handel;WZ08-4511-01;Einzelhandel mit Kraftwagen unter 3,5t, Kraftwagenteilen und -zubehör;104,2;.;104,0;.;105,0;.
45214;Monatsstatistik im Kfz-Handel, Instandhaltung und Reparatur;JAHR;Jahr;2017;DLAND;Land;05;Nordrhein-Westfalen;MONAT;Monate;MONAT06;Juni;WZ08K9;WZ2008: Kfz-Handel;WZ08-45;Kfz-Handel, Instandhaltung und Reparatur von Kfz;103,7;.;103,2;.;105,3;.
45214;Monatsstatistik im Kfz-Handel, Instandhaltung und Reparatur;JAHR;Jahr;2017;DLAND;Land;05;Nordrhein-Westfalen;MONAT;Monate;MONAT06;Juni;WZ08K9;WZ2008: Kfz-Handel;WZ08-451;Handel mit Kraftwagen;104,5;.;104,1;.;105,9;.
45214;Monatsstatistik im Kfz-Handel, Instandhaltung und Reparatur;JAHR;Jahr;2017;DLAND;Land;05;Nordrhein-Westfalen;MONAT;Monate;MONAT06;Juni;WZ08K9;WZ2008: Kfz-Handel;WZ08-452;Instandhaltung und Reparatur von Kraftwagen;101,9;.;101,1;.;103,9;.
45214;Monatsstatistik im Kfz-Handel, Instandhaltung und Reparatur;JAHR;Jahr;2017;DLAND;Land;05;Nordrhein-Westfalen;MONAT;Monate;MONAT06;Juni;WZ08K9;WZ2008: Kfz-Handel;WZ08-453;Handel m. Kraftwagenteilen und -zubehör;104,4;.;103,6;.;107,1;.
45214;Monatsstatistik im Kfz-Handel, Instandhaltung und Reparatur;JAHR;Jahr;2017;DLAND;Land;05;Nordrhein-Westfalen;MONAT;Monate;MONAT06;Juni;WZ08K9;WZ2008: Kfz-Handel;WZ08-454;H. m.Krädern, Teilen u. Zubeh., Instandh. u. Rep.;107,6;.;108,2;.;106,4;.
45214;Monatsstatistik im Kfz-Handel, Instandhaltung und Reparatur;JAHR;Jahr;2017;DLAND;Land;05;Nordrhein-Westfalen;MONAT;Monate;MONAT06;Juni;WZ08K9;WZ2008: Kfz-Handel;WZ08-451-01;Handel mit Kraftwagen (ohne Reparatur von Kfz und ohne Tankstellen);104,5;.;104,1;.;106,3;.
45214;Monatsstatistik im Kfz-Handel, Instandhaltung und Reparatur;JAHR;Jahr;2017;DLAND;Land;05;Nordrhein-Westfalen;MONAT;Monate;MONAT06;Juni;WZ08K9;WZ2008: Kfz-Handel;WZ08-4511-01;Einzelhandel mit Kraftwagen unter 3,5t, Kraftwagenteilen und -zubehör;104,3;.;103,7;.;106,3;.
45214;Monatsstatistik im Kfz-Handel, Instandhaltung und Reparatur;JAHR;Jahr;2017;DLAND;Land;05;Nordrhein-Westfalen;MONAT;Monate;MONAT07;Juli;WZ08K9;WZ2008: Kfz-Handel;WZ08-45;Kfz-Handel, Instandhaltung und Reparatur von Kfz;103,5;.;102,9;.;105,5;.
45214;Monatsstatistik im Kfz-Handel, Instandhaltung und Reparatur;JAHR;Jahr;2017;DLAND;Land;05;Nordrhein-Westfalen;MONAT;Monate;MONAT07;Juli;WZ08K9;WZ2008: Kfz-Handel;WZ08-451;Handel mit Kraftwagen;104,5;.;104,1;.;106,0;.
45214;Monatsstatistik im Kfz-Handel, Instandhaltung und Reparatur;JAHR;Jahr;2017;DLAND;Land;05;Nordrhein-Westfalen;MONAT;Monate;MONAT07;Juli;WZ08K9;WZ2008: Kfz-Handel;WZ08-452;Instandhaltung und Reparatur von Kraftwagen;101,5;.;100,4;.;104,1;.
45214;Monatsstatistik im Kfz-Handel, Instandhaltung und Reparatur;JAHR;Jahr;2017;DLAND;Land;05;Nordrhein-Westfalen;MONAT;Monate;MONAT07;Juli;WZ08K9;WZ2008: Kfz-Handel;WZ08-453;Handel m. Kraftwagenteilen und -zubehör;104,3;.;103,5;.;107,1;.
45214;Monatsstatistik im Kfz-Handel, Instandhaltung und Reparatur;JAHR;Jahr;2017;DLAND;Land;05;Nordrhein-Westfalen;MONAT;Monate;MONAT07;Juli;WZ08K9;WZ2008: Kfz-Handel;WZ08-454;H. m.Krädern, Teilen u. Zubeh., Instandh. u. Rep.;108,1;.;107,8;.;108,7;.
45214;Monatsstatistik im Kfz-Handel, Instandhaltung und Reparatur;JAHR;Jahr;2017;DLAND;Land;05;Nordrhein-Westfalen;MONAT;Monate;MONAT07;Juli;WZ08K9;WZ2008: Kfz-Handel;WZ08-451-01;Handel mit Kraftwagen (ohne Reparatur von Kfz und ohne Tankstellen);104,5;.;104,0;.;106,5;.
45214;Monatsstatistik im Kfz-Handel, Instandhaltung und Reparatur;JAHR;Jahr;2017;DLAND;Land;05;Nordrhein-Westfalen;MONAT;Monate;MONAT07;Juli;WZ08K9;WZ2008: Kfz-Handel;WZ08-4511-01;Einzelhandel mit Kraftwagen unter 3,5t, Kraftwagenteilen und -zubehör;104,2;.;103,6;.;106,3;.
45214;Monatsstatistik im Kfz-Handel, Instandhaltung und Reparatur;JAHR;Jahr;2017;DLAND;Land;05;Nordrhein-Westfalen;MONAT;Monate;MONAT08;August;WZ08K9;WZ2008: Kfz-Handel;WZ08-45;Kfz-Handel, Instandhaltung und Reparatur von Kfz;106,0;.;106,3;.;105,0;.
45214;Monatsstatistik im Kfz-Handel, Instandhaltung und Reparatur;JAHR;Jahr;2017;DLAND;Land;05;Nordrhein-Westfalen;MONAT;Monate;MONAT08;August;WZ08K9;WZ2008: Kfz-Handel;WZ08-451;Handel mit Kraftwagen;107,4;.;107,8;.;106,0;.
45214;Monatsstatistik im Kfz-Handel, Instandhaltung und Reparatur;JAHR;Jahr;2017;DLAND;Land;05;Nordrhein-Westfalen;MONAT;Monate;MONAT08;August;WZ08K9;WZ2008: Kfz-Handel;WZ08-452;Instandhaltung und Reparatur von Kraftwagen;103,9;.;104,3;.;102,9;.
45214;Monatsstatistik im Kfz-Handel, Instandhaltung und Reparatur;JAHR;Jahr;2017;DLAND;Land;05;Nordrhein-Westfalen;MONAT;Monate;MONAT08;August;WZ08K9;WZ2008: Kfz-Handel;WZ08-453;Handel m. Kraftwagenteilen und -zubehör;105,5;.;105,1;.;106,9;.
45214;Monatsstatistik im Kfz-Handel, Instandhaltung und Reparatur;JAHR;Jahr;2017;DLAND;Land;05;Nordrhein-Westfalen;MONAT;Monate;MONAT08;August;WZ08K9;WZ2008: Kfz-Handel;WZ08-454;H. m.Krädern, Teilen u. Zubeh., Instandh. u. Rep.;109,6;.;110,1;.;108,5;.
45214;Monatsstatistik im Kfz-Handel, Instandhaltung und Reparatur;JAHR;Jahr;2017;DLAND;Land;05;Nordrhein-Westfalen;MONAT;Monate;MONAT08;August;WZ08K9;WZ2008: Kfz-Handel;WZ08-451-01;Handel mit Kraftwagen (ohne Reparatur von Kfz und ohne Tankstellen);107,0;.;107,2;.;106,4;.
45214;Monatsstatistik im Kfz-Handel, Instandhaltung und Reparatur;JAHR;Jahr;2017;DLAND;Land;05;Nordrhein-Westfalen;MONAT;Monate;MONAT08;August;WZ08K9;WZ2008: Kfz-Handel;WZ08-4511-01;Einzelhandel mit Kraftwagen unter 3,5t, Kraftwagenteilen und -zubehör;106,9;.;107,1;.;106,0;.
45214;Monatsstatistik im Kfz-Handel, Instandhaltung und Reparatur;JAHR;Jahr;2017;DLAND;Land;05;Nordrhein-Westfalen;MONAT;Monate;MONAT09;September;WZ08K9;WZ2008: Kfz-Handel;WZ08-45;Kfz-Handel, Instandhaltung und Reparatur von Kfz;106,3;.;106,7;.;104,9;.
45214;Monatsstatistik im Kfz-Handel, Instandhaltung und Reparatur;JAHR;Jahr;2017;DLAND;Land;05;Nordrhein-Westfalen;MONAT;Monate;MONAT09;September;WZ08K9;WZ2008: Kfz-Handel;WZ08-451;Handel mit Kraftwagen;107,6;.;107,9;.;106,1;.
45214;Monatsstatistik im Kfz-Handel, Instandhaltung und Reparatur;JAHR;Jahr;2017;DLAND;Land;05;Nordrhein-Westfalen;MONAT;Monate;MONAT09;September;WZ08K9;WZ2008: Kfz-Handel;WZ08-452;Instandhaltung und Reparatur von Kraftwagen;104,2;.;104,8;.;103,0;.
45214;Monatsstatistik im Kfz-Handel, Instandhaltung und Reparatur;JAHR;Jahr;2017;DLAND;Land;05;Nordrhein-Westfalen;MONAT;Monate;MONAT09;September;WZ08K9;WZ2008: Kfz-Handel;WZ08-453;Handel m. Kraftwagenteilen und -zubehör;106,3;.;106,2;.;106,6;.
45214;Monatsstatistik im Kfz-Handel, Instandhaltung und Reparatur;JAHR;Jahr;2017;DLAND;Land;05;Nordrhein-Westfalen;MONAT;Monate;MONAT09;September;WZ08K9;WZ2008: Kfz-Handel;WZ08-454;H. m.Krädern, Teilen u. Zubeh., Instandh. u. Rep.;108,7;.;109,8;.;106,4;.
45214;Monatsstatistik im Kfz-Handel, Instandhaltung und Reparatur;JAHR;Jahr;2017;DLAND;Land;05;Nordrhein-Westfalen;MONAT;Monate;MONAT09;September;WZ08K9;WZ2008: Kfz-Handel;WZ08-451-01;Handel mit Kraftwagen (ohne Reparatur von Kfz und ohne Tankstellen);107,3;.;107,5;.;106,3;.
45214;Monatsstatistik im Kfz-Handel, Instandhaltung und Reparatur;JAHR;Jahr;2017;DLAND;Land;05;Nordrhein-Westfalen;MONAT;Monate;MONAT09;September;WZ08K9;WZ2008: Kfz-Handel;WZ08-4511-01;Einzelhandel mit Kraftwagen unter 3,5t, Kraftwagenteilen und -zubehör;107,1;.;107,3;.;106,1;.
45214;Monatsstatistik im Kfz-Handel, Instandhaltung und Reparatur;JAHR;Jahr;2017;DLAND;Land;05;Nordrhein-Westfalen;MONAT;Monate;MONAT10;Oktober;WZ08K9;WZ2008: Kfz-Handel;WZ08-45;Kfz-Handel, Instandhaltung und Reparatur von Kfz;106,2;.;106,6;.;104,8;.
45214;Monatsstatistik im Kfz-Handel, Instandhaltung und Reparatur;JAHR;Jahr;2017;DLAND;Land;05;Nordrhein-Westfalen;MONAT;Monate;MONAT10;Oktober;WZ08K9;WZ2008: Kfz-Handel;WZ08-451;Handel mit Kraftwagen;107,3;.;107,6;.;105,7;.
45214;Monatsstatistik im Kfz-Handel, Instandhaltung und Reparatur;JAHR;Jahr;2017;DLAND;Land;05;Nordrhein-Westfalen;MONAT;Monate;MONAT10;Oktober;WZ08K9;WZ2008: Kfz-Handel;WZ08-452;Instandhaltung und Reparatur von Kraftwagen;104,2;.;104,8;.;102,9;.
45214;Monatsstatistik im Kfz-Handel, Instandhaltung und Reparatur;JAHR;Jahr;2017;DLAND;Land;05;Nordrhein-Westfalen;MONAT;Monate;MONAT10;Oktober;WZ08K9;WZ2008: Kfz-Handel;WZ08-453;Handel m. Kraftwagenteilen und -zubehör;106,9;.;106,8;.;107,4;.
45214;Monatsstatistik im Kfz-Handel, Instandhaltung und Reparatur;JAHR;Jahr;2017;DLAND;Land;05;Nordrhein-Westfalen;MONAT;Monate;MONAT10;Oktober;WZ08K9;WZ2008: Kfz-Handel;WZ08-454;H. m.Krädern, Teilen u. Zubeh., Instandh. u. Rep.;107,2;.;108,4;.;104,4;.
45214;Monatsstatistik im Kfz-Handel, Instandhaltung und Reparatur;JAHR;Jahr;2017;DLAND;Land;05;Nordrhein-Westfalen;MONAT;Monate;MONAT10;Oktober;WZ08K9;WZ2008: Kfz-Handel;WZ08-451-01;Handel mit Kraftwagen (ohne Reparatur von Kfz und ohne Tankstellen);107,2;.;107,5;.;106,2;.
45214;Monatsstatistik im Kfz-Handel, Instandhaltung und Reparatur;JAHR;Jahr;2017;DLAND;Land;05;Nordrhein-Westfalen;MONAT;Monate;MONAT10;Oktober;WZ08K9;WZ2008: Kfz-Handel;WZ08-4511-01;Einzelhandel mit Kraftwagen unter 3,5t, Kraftwagenteilen und -zubehör;107,0;.;107,3;.;106,0;.
45214;Monatsstatistik im Kfz-Handel, Instandhaltung und Reparatur;JAHR;Jahr;2017;DLAND;Land;05;Nordrhein-Westfalen;MONAT;Monate;MONAT11;November;WZ08K9;WZ2008: Kfz-Handel;WZ08-45;Kfz-Handel, Instandhaltung und Reparatur von Kfz;106,2;.;106,6;.;105,1;.
45214;Monatsstatistik im Kfz-Handel, Instandhaltung und Reparatur;JAHR;Jahr;2017;DLAND;Land;05;Nordrhein-Westfalen;MONAT;Monate;MONAT11;November;WZ08K9;WZ2008: Kfz-Handel;WZ08-451;Handel mit Kraftwagen;107,4;.;107,7;.;106,2;.
45214;Monatsstatistik im Kfz-Handel, Instandhaltung und Reparatur;JAHR;Jahr;2017;DLAND;Land;05;Nordrhein-Westfalen;MONAT;Monate;MONAT11;November;WZ08K9;WZ2008: Kfz-Handel;WZ08-452;Instandhaltung und Reparatur von Kraftwagen;104,1;.;104,5;.;103,1;.
45214;Monatsstatistik im Kfz-Handel, Instandhaltung und Reparatur;JAHR;Jahr;2017;DLAND;Land;05;Nordrhein-Westfalen;MONAT;Monate;MONAT11;November;WZ08K9;WZ2008: Kfz-Handel;WZ08-453;Handel m. Kraftwagenteilen und -zubehör;107,1;.;107,1;.;107,5;.
45214;Monatsstatistik im Kfz-Handel, Instandhaltung und Reparatur;JAHR;Jahr;2017;DLAND;Land;05;Nordrhein-Westfalen;MONAT;Monate;MONAT11;November;WZ08K9;WZ2008: Kfz-Handel;WZ08-454;H. m.Krädern, Teilen u. Zubeh., Instandh. u. Rep.;106,0;.;107,1;.;103,6;.
45214;Monatsstatistik im Kfz-Handel, Instandhaltung und Reparatur;JAHR;Jahr;2017;DLAND;Land;05;Nordrhein-Westfalen;MONAT;Monate;MONAT11;November;WZ08K9;WZ2008: Kfz-Handel;WZ08-451-01;Handel mit Kraftwagen (ohne Reparatur von Kfz und ohne Tankstellen);107,3;.;107,5;.;106,5;.
45214;Monatsstatistik im Kfz-Handel, Instandhaltung und Reparatur;JAHR;Jahr;2017;DLAND;Land;05;Nordrhein-Westfalen;MONAT;Monate;MONAT11;November;WZ08K9;WZ2008: Kfz-Handel;WZ08-4511-01;Einzelhandel mit Kraftwagen unter 3,5t, Kraftwagenteilen und -zubehör;107,2;.;107,4;.;106,6;.
45214;Monatsstatistik im Kfz-Handel, Instandhaltung und Reparatur;JAHR;Jahr;2017;DLAND;Land;05;Nordrhein-Westfalen;MONAT;Monate;MONAT12;Dezember;WZ08K9;WZ2008: Kfz-Handel;WZ08-45;Kfz-Handel, Instandhaltung und Reparatur von Kfz;105,7;.;106,1;.;104,6;.
45214;Monatsstatistik im Kfz-Handel, Instandhaltung und Reparatur;JAHR;Jahr;2017;DLAND;Land;05;Nordrhein-Westfalen;MONAT;Monate;MONAT12;Dezember;WZ08K9;WZ2008: Kfz-Handel;WZ08-451;Handel mit Kraftwagen;107,2;.;107,5;.;106,0;.
45214;Monatsstatistik im Kfz-Handel, Instandhaltung und Reparatur;JAHR;Jahr;2017;DLAND;Land;05;Nordrhein-Westfalen;MONAT;Monate;MONAT12;Dezember;WZ08K9;WZ2008: Kfz-Handel;WZ08-452;Instandhaltung und Reparatur von Kraftwagen;103,3;.;103,6;.;102,6;.
45214;Monatsstatistik im Kfz-Handel, Instandhaltung und Reparatur;JAHR;Jahr;2017;DLAND;Land;05;Nordrhein-Westfalen;MONAT;Monate;MONAT12;Dezember;WZ08K9;WZ2008: Kfz-Handel;WZ08-453;Handel m. Kraftwagenteilen und -zubehör;106,4;.;106,3;.;106,7;.
45214;Monatsstatistik im Kfz-Handel, Instandhaltung und Reparatur;JAHR;Jahr;2017;DLAND;Land;05;Nordrhein-Westfalen;MONAT;Monate;MONAT12;Dezember;WZ08K9;WZ2008: Kfz-Handel;WZ08-454;H. m.Krädern, Teilen u. Zubeh., Instandh. u. Rep.;104,7;.;105,7;.;102,9;.
45214;Monatsstatistik im Kfz-Handel, Instandhaltung und Reparatur;JAHR;Jahr;2017;DLAND;Land;05;Nordrhein-Westfalen;MONAT;Monate;MONAT12;Dezember;WZ08K9;WZ2008: Kfz-Handel;WZ08-451-01;Handel mit Kraftwagen (ohne Reparatur von Kfz und ohne Tankstellen);106,9;.;107,2;.;106,1;.
45214;Monatsstatistik im Kfz-Handel, Instandhaltung und Reparatur;JAHR;Jahr;2017;DLAND;Land;05;Nordrhein-Westfalen;MONAT;Monate;MONAT12;Dezember;WZ08K9;WZ2008: Kfz-Handel;WZ08-4511-01;Einzelhandel mit Kraftwagen unter 3,5t, Kraftwagenteilen und -zubehör;106,9;.;107,0;.;106,3;.
